10000, 2897,10000, 3239
20000, 2241,20000, 2489
30000, 448,30000, 227
40000, 168,40000, 383
50000, 211,50000, 217
60000, 577,60000, 224
70000, 173,70000, 410
80000, 236,80000, 219
90000, 777,90000, 150
100000, 226,100000, 877
110000, 453,110000, 1336
120000, 219,120000, 554
130000, 181,130000, 192
140000, 1988,140000, 1228
150000, 771,150000, 1341
160000, 281,160000, 1822
170000, 549,170000, 1839
180000, 855,180000, 1761
190000, 832,190000, 1212
200000, 993,200000, 1961
210000, 1009,210000, 2228
220000, 1720,220000, 975
230000, 182,230000, 1901
240000, 2103,240000, 3023
250000, 4372,250000, 3001
260000, 7768,260000, 3567
270000, 8616,270000, 3045
280000, 9911,280000, 4274
290000, 10151,290000, 4271
300000, 11818,300000, 1885
310000, 11531,310000, 4074
320000, 9863,320000, 4052
330000, 11327,330000, 4187
340000, 11905,340000, 3786
350000, 10241,350000, 2539
360000, 10520,360000, 3920
370000, 12014,370000, 3928
380000, 13027,380000, 3854
390000, 14458,390000, 3829
400000, 16614,400000, 4296
410000, 17782,410000, 4097
420000, 20152,420000, 5959
430000, 21111,430000, 3981
440000, 23183,440000, 4022
450000, 27017,450000, 4672
460000, 27441,460000, 5657
470000, 27683,470000, 4315
480000, 30332,480000, 4300
490000, 30380,490000, 5155
500000, 30652,500000, 4825
510000, 30744,510000, 7476
520000, 30658,520000, 4848
530000, 32764,530000, 4149
540000, 32524,540000, 4061
550000, 32631,550000, 6401
560000, 31560,560000, 4641
570000, 33538,570000, 4498
580000, 32796,580000, 7642
590000, 34148,590000, 5277
600000, 31772,600000, 6334
610000, 31503,610000, 4045
620000, 32714,620000, 6069
630000, 32812,630000, 7006
640000, 33563,640000, 4264
650000, 32342,650000, 5433
660000, 33890,660000, 6269
670000, 31236,670000, 6030
680000, 31321,680000, 5847
690000, 32854,690000, 5650
700000, 30887,700000, 4755
710000, 32010,710000, 5342
720000, 33396,720000, 5292
730000, 32330,730000, 5066
740000, 33896,740000, 7587
750000, 34224,750000, 2921
760000, 35397,760000, 7521
770000, 33837,770000, 3281
780000, 34068,780000, 5935
790000, 35168,790000, 2342
800000, 34592,800000, 7414
810000, 34955,810000, 6985
820000, 37200,820000, 5810
830000, 35512,830000, 6627
840000, 38457,840000, 5726
850000, 38383,850000, 3822
860000, 38912,860000, 5326
870000, 40010,870000, 2939
880000, 42488,880000, 6821
890000, 39237,890000, 6377
900000, 43133,900000, 5766
910000, 42833,910000, 6479
920000, 44969,920000, 4842
930000, 42603,930000, 6543
940000, 44122,940000, 7997
950000, 44594,950000, 3989
960000, 43442,960000, 2995
970000, 45933,970000, 5166
980000, 45321,980000, 6816
990000, 46031,990000, 5367
1000000, 44049,1000000, 2961
1010000, 47036,1010000, 6737
1020000, 44355,1020000, 6749
1030000, 45260,1030000, 5853
1040000, 46916,1040000, 5725
1050000, 44701,1050000, 6085
1060000, 47003,1060000, 5900
1070000, 44973,1070000, 4849
1080000, 45275,1080000, 4128
1090000, 46295,1090000, 5618
1100000, 44190,1100000, 6102
1110000, 47234,1110000, 2962
1120000, 46271,1120000, 5464
1130000, 46551,1130000, 5913
1140000, 46018,1140000, 2586
1150000, 48221,1150000, 5925
1160000, 45874,1160000, 5608
1170000, 45364,1170000, 2347
1180000, 44385,1180000, 8846
1190000, 47756,1190000, 3915
1200000, 46757,1200000, 4624
1210000, 43889,1210000, 5893
1220000, 47955,1220000, 3698
1230000, 45367,1230000, 5058
1240000, 45888,1240000, 2905
1250000, 45622,1250000, 7070
1260000, 46699,1260000, 6940
1270000, 45832,1270000, 7350
1280000, 45205,1280000, 3047
1290000, 45529,1290000, 5417
1300000, 46590,1300000, 5859
1310000, 46219,1310000, 4380
1320000, 46667,1320000, 4705
1330000, 45398,1330000, 5465
1340000, 47464,1340000, 3447
1350000, 45256,1350000, 4387
1360000, 46215,1360000, 4766
1370000, 46003,1370000, 4721
1380000, 45648,1380000, 4758
1390000, 46353,1390000, 3454
1400000, 47756,1400000, 4898
1410000, 45839,1410000, 3029
1420000, 45863,1420000, 4957
1430000, 45844,1430000, 4716
1440000, 46168,1440000, 5426
1450000, 47161,1450000, 4381
1460000, 46519,1460000, 6494
1470000, 45724,1470000, 5892
1480000, 46433,1480000, 2689
1490000, 46648,1490000, 7756
1500000, 46074,1500000, 6024
1510000, 46780,1510000, 6169
1520000, 47070,1520000, 2799
1530000, 48275,1530000, 6193
1540000, 47018,1540000, 3348
1550000, 47486,1550000, 7146
1560000, 46621,1560000, 2975
1570000, 47188,1570000, 4763
1580000, 46594,1580000, 5694
1590000, 47818,1590000, 6157
1600000, 47438,1600000, 5270
1610000, 48645,1610000, 4770
1620000, 48871,1620000, 8138
1630000, 46721,1630000, 8956
1640000, 48500,1640000, 4688
1650000, 47455,1650000, 4848
1660000, 48097,1660000, 7852
1670000, 48536,1670000, 7858
1680000, 49208,1680000, 7200
1690000, 50351,1690000, 7719
1700000, 48547,1700000, 5066
1710000, 50976,1710000, 6050
1720000, 50922,1720000, 6728
1730000, 49317,1730000, 10615
1740000, 52577,1740000, 7493
1750000, 50019,1750000, 8064
1760000, 51264,1760000, 6710
1770000, 51291,1770000, 7624
1780000, 52255,1780000, 8478
1790000, 52653,1790000, 8830
1800000, 53090,1800000, 7762
1810000, 51097,1810000, 6793
1820000, 54690,1820000, 7904
1830000, 53251,1830000, 8730
1840000, 53993,1840000, 5491
1850000, 53411,1850000, 10499
1860000, 52135,1860000, 7513
1870000, 52236,1870000, 7414
1880000, 53961,1880000, 10068
1890000, 54088,1890000, 6877
1900000, 52557,1900000, 6909
1910000, 55142,1910000, 9485
1920000, 53609,1920000, 9353
1930000, 51766,1930000, 7360
1940000, 53374,1940000, 7779
1950000, 53900,1950000, 10156
1960000, 56337,1960000, 5133
1970000, 52458,1970000, 9848
1980000, 53384,1980000, 6935
1990000, 55176,1990000, 8537
2000000, 54478,2000000, 9266
2010000, 53591,2010000, 7384
2020000, 54719,2020000, 4778
2030000, 54144,2030000, 7601
2040000, 53798,2040000, 7461
2050000, 53500,2050000, 7229
2060000, 53658,2060000, 6909
2070000, 53925,2070000, 4891
2080000, 52947,2080000, 7363
2090000, 55338,2090000, 10709
2100000, 54483,2100000, 4225
2110000, 53046,2110000, 7686
2120000, 53562,2120000, 9207
2130000, 53535,2130000, 5016
2140000, 53805,2140000, 4966
2150000, 54495,2150000, 9182
2160000, 53077,2160000, 4749
2170000, 54858,2170000, 6595
2180000, 55141,2180000, 6726
2190000, 54147,2190000, 6553
2200000, 54028,2200000, 4224
2210000, 53025,2210000, 6473
2220000, 54033,2220000, 6819
2230000, 52837,2230000, 6244
2240000, 55815,2240000, 6201
2250000, 53124,2250000, 5309
2260000, 55649,2260000, 7245
2270000, 53699,2270000, 5575
2280000, 53181,2280000, 7252
2290000, 54490,2290000, 7933
2300000, 54429,2300000, 5149
2310000, 55754,2310000, 6305
2320000, 55603,2320000, 6409
2330000, 53041,2330000, 4690
2340000, 54174,2340000, 6377
2350000, 55008,2350000, 6424
2360000, 51513,2360000, 4858
2370000, 54360,2370000, 7508
2380000, 54476,2380000, 6458
2390000, 53835,2390000, 5724
2400000, 53635,2400000, 5941
2410000, 54579,2410000, 6461
2420000, 53121,2420000, 7197
2430000, 57673,2430000, 5083
2440000, 54245,2440000, 6109
2450000, 56387,2450000, 6399
2460000, 52803,2460000, 3716
2470000, 53909,2470000, 7072
2480000, 55731,2480000, 6358
2490000, 56057,2490000, 6092
2500000, 53118,2500000, 4692
2510000, 54343,2510000, 7811
2520000, 54887,2520000, 4886
2530000, 52549,2530000, 5968
2540000, 55774,2540000, 6075
2550000, 54384,2550000, 6283
2560000, 54496,2560000, 4573
2570000, 55744,2570000, 6569
2580000, 52675,2580000, 6427
2590000, 54081,2590000, 4498
2600000, 54295,2600000, 6805
2610000, 53568,2610000, 8830
2620000, 55348,2620000, 5264
2630000, 54252,2630000, 6461
2640000, 53082,2640000, 6654
2650000, 56613,2650000, 5124
2660000, 53193,2660000, 7109
2670000, 54442,2670000, 6571
2680000, 54983,2680000, 7011
2690000, 55432,2690000, 5513
2700000, 54273,2700000, 7011
2710000, 52510,2710000, 6301
2720000, 54324,2720000, 5125
2730000, 54671,2730000, 7195
2740000, 55005,2740000, 7629
2750000, 57249,2750000, 5850
2760000, 55335,2760000, 7572
2770000, 53104,2770000, 7476
2780000, 55929,2780000, 4716
2790000, 53440,2790000, 6886
2800000, 54055,2800000, 7169
2810000, 54312,2810000, 4775
2820000, 53232,2820000, 8879
2830000, 55465,2830000, 5223
2840000, 54656,2840000, 7176
2850000, 55657,2850000, 6378
2860000, 55074,2860000, 6333
2870000, 56234,2870000, 7613
2880000, 54773,2880000, 7992
2890000, 54240,2890000, 5504
2900000, 54125,2900000, 7270
2910000, 56274,2910000, 7452
2920000, 55207,2920000, 8062
2930000, 56464,2930000, 5833
2940000, 54710,2940000, 8207
2950000, 54507,2950000, 6893
2960000, 54785,2960000, 7261
2970000, 55427,2970000, 9099
2980000, 55395,2980000, 6794
2990000, 56116,2990000, 6413
3000000, 55586,3000000, 7190
3010000, 55013,3010000, 7965
3020000, 54752,3020000, 8438
3030000, 54780,3030000, 6669
3040000, 56298,3040000, 8654
3050000, 53696,3050000, 7322
3060000, 55590,3060000, 8549
3070000, 55169,3070000, 6432
3080000, 54341,3080000, 8112
3090000, 55477,3090000, 8065
3100000, 55593,3100000, 7045
3110000, 55004,3110000, 8136
3120000, 56246,3120000, 9772
3130000, 56040,3130000, 9487
3140000, 53651,3140000, 7552
3150000, 56507,3150000, 9309
3160000, 55334,3160000, 9317
3170000, 56915,3170000, 9756
3180000, 55116,3180000, 10753
3190000, 56146,3190000, 10389
3200000, 56976,3200000, 8936
3210000, 55588,3210000, 8920
3220000, 55993,3220000, 7842
3230000, 57067,3230000, 10370
3240000, 55200,3240000, 11657
3250000, 55295,3250000, 9596
3260000, 57275,3260000, 9110
3270000, 56256,3270000, 10531
3280000, 56075,3280000, 10434
3290000, 53464,3290000, 11617
3300000, 56071,3300000, 11488
3310000, 56367,3310000, 10308
3320000, 57289,3320000, 9958
3330000, 56713,3330000, 10573
3340000, 55814,3340000, 12051
3350000, 57241,3350000, 11499
3360000, 56445,3360000, 13642
3370000, 54740,3370000, 11531
3380000, 56062,3380000, 13721
3390000, 56647,3390000, 9755
3400000, 55818,3400000, 10555
3410000, 56548,3410000, 12484
3420000, 56633,3420000, 10924
3430000, 58917,3430000, 12417
3440000, 56430,3440000, 10317
3450000, 55957,3450000, 13046
3460000, 57126,3460000, 11899
3470000, 56943,3470000, 11698
3480000, 55955,3480000, 10401
3490000, 56505,3490000, 13078
3500000, 55995,3500000, 11771
3510000, 56306,3510000, 10341
3520000, 57495,3520000, 13702
3530000, 58365,3530000, 11345
3540000, 56145,3540000, 14165
3550000, 58358,3550000, 12700
3560000, 57268,3560000, 11912
3570000, 57829,3570000, 9964
3580000, 56903,3580000, 14236
3590000, 56352,3590000, 11568
3600000, 58674,3600000, 17679
3610000, 59105,3610000, 11157
3620000, 56926,3620000, 13730
3630000, 57739,3630000, 11352
3640000, 57490,3640000, 15820
3650000, 58631,3650000, 9790
3660000, 58451,3660000, 13803
3670000, 57515,3670000, 12578
3680000, 55604,3680000, 11184
3690000, 60588,3690000, 12998
3700000, 56456,3700000, 11079
3710000, 57673,3710000, 11435
3720000, 57966,3720000, 11137
3730000, 57339,3730000, 11694
3740000, 58882,3740000, 13408
3750000, 57022,3750000, 12321
3760000, 58688,3760000, 13210
3770000, 58286,3770000, 13077
3780000, 59957,3780000, 11852
3790000, 58811,3790000, 13129
3800000, 58900,3800000, 13508
3810000, 57471,3810000, 11651
3820000, 58575,3820000, 13837
3830000, 58845,3830000, 12319
3840000, 58516,3840000, 12574
3850000, 59347,3850000, 10927
3860000, 57520,3860000, 13334
3870000, 57855,3870000, 10780
3880000, 57569,3880000, 12028
3890000, 61126,3890000, 12366
3900000, 58262,3900000, 14263
3910000, 59640,3910000, 12202
3920000, 58000,3920000, 11393
3930000, 58160,3930000, 12404
3940000, 59949,3940000, 10734
3950000, 58489,3950000, 12960
3960000, 58858,3960000, 14589
3970000, 59345,3970000, 9074
3980000, 58660,3980000, 13400
3990000, 58830,3990000, 12268
4000000, 58965,4000000, 11627
4010000, 58858,4010000, 10509
4020000, 59400,4020000, 12419
4030000, 59862,4030000, 10983
4040000, 59537,4040000, 10875
4050000, 59121,4050000, 11670
4060000, 59087,4060000, 11826
4070000, 59825,4070000, 10424
4080000, 59201,4080000, 12691
4090000, 59968,4090000, 10675
4100000, 59076,4100000, 8561
4110000, 61003,4110000, 13379
4120000, 57089,4120000, 11882
4130000, 61004,4130000, 11676
4140000, 59591,4140000, 10320
4150000, 58384,4150000, 12738
4160000, 61579,4160000, 10904
4170000, 57699,4170000, 13758
4180000, 59514,4180000, 11038
4190000, 59678,4190000, 9714
4200000, 59290,4200000, 10866
4210000, 58580,4210000, 11868
4220000, 59512,4220000, 9485
4230000, 59886,4230000, 8411
4240000, 59532,4240000, 10444
4250000, 58332,4250000, 14247
4260000, 57311,4260000, 9464
4270000, 59905,4270000, 10144
4280000, 60204,4280000, 9924
4290000, 56844,4290000, 10963
4300000, 60006,4300000, 10504
4310000, 59366,4310000, 9893
4320000, 58812,4320000, 12137
4330000, 59400,4330000, 9492
4340000, 58606,4340000, 11568
4350000, 59063,4350000, 10853
4360000, 59275,4360000, 8121
4370000, 60443,4370000, 11261
4380000, 60901,4380000, 9583
4390000, 58468,4390000, 11918
4400000, 60311,4400000, 11857
4410000, 59521,4410000, 8039
4420000, 58838,4420000, 10844
4430000, 59702,4430000, 10467
4440000, 59162,4440000, 10185
4450000, 59509,4450000, 11125
4460000, 59212,4460000, 9149
4470000, 59190,4470000, 10041
4480000, 59059,4480000, 9733
4490000, 60991,4490000, 11428
4500000, 59657,4500000, 10069
4510000, 57605,4510000, 8871
4520000, 59916,4520000, 10061
4530000, 58828,4530000, 11895
4540000, 59930,4540000, 10082
4550000, 59937,4550000, 9775
4560000, 60427,4560000, 9695
4570000, 59476,4570000, 9207
4580000, 58546,4580000, 10590
4590000, 59284,4590000, 8740
4600000, 58378,4600000, 11201
4610000, 58867,4610000, 8728
4620000, 59055,4620000, 10936
4630000, 59061,4630000, 11446
4640000, 60267,4640000, 9394
4650000, 57862,4650000, 8089
4660000, 57892,4660000, 11904
4670000, 59147,4670000, 9237
4680000, 61865,4680000, 8986
4690000, 58182,4690000, 9854
4700000, 59476,4700000, 10794
4710000, 60336,4710000, 8925
4720000, 57925,4720000, 9457
4730000, 59810,4730000, 11142
4740000, 60250,4740000, 8664
4750000, 58719,4750000, 11670
4760000, 58386,4760000, 9809
4770000, 59392,4770000, 8146
4780000, 58752,4780000, 13255
4790000, 58893,4790000, 7971
4800000, 58977,4800000, 7214
4810000, 60904,4810000, 9139
4820000, 58492,4820000, 11274
4830000, 57949,4830000, 9954
4840000, 59407,4840000, 10001
4850000, 60807,4850000, 9858
4860000, 59379,4860000, 11035
4870000, 59209,4870000, 8907
4880000, 61644,4880000, 9010
4890000, 57561,4890000, 10833
4900000, 59995,4900000, 8318
4910000, 59900,4910000, 9925
4920000, 59048,4920000, 10484
4930000, 58849,4930000, 9759
4940000, 58590,4940000, 9914
4950000, 59281,4950000, 10206
4960000, 58082,4960000, 12089
4970000, 58423,4970000, 8148
4980000, 59571,4980000, 9567
4990000, 59737,4990000, 8447
5000000, 57620,5000000, 9922
5010000, 59188,5010000, 8956
5020000, 59603,5020000, 11411
5030000, 58456,5030000, 8422
5040000, 59478,5040000, 11143
5050000, 58575,5050000, 7531
5060000, 58483,5060000, 10783
5070000, 60074,5070000, 8631
5080000, 58708,5080000, 9814
5090000, 58785,5090000, 10427
5100000, 60153,5100000, 11354
5110000, 59504,5110000, 9326
5120000, 60063,5120000, 8701
5130000, 60386,5130000, 9597
5140000, 57936,5140000, 10341
5150000, 58622,5150000, 8763
5160000, 59432,5160000, 9344
5170000, 59073,5170000, 10516
5180000, 59003,5180000, 10563
5190000, 62036,5190000, 11201
5200000, 58629,5200000, 9839
5210000, 59374,5210000, 10793
5220000, 58189,5220000, 11003
5230000, 58944,5230000, 10682
5240000, 58850,5240000, 8401
5250000, 58478,5250000, 11711
5260000, 58641,5260000, 8158
5270000, 60546,5270000, 12459
5280000, 58648,5280000, 8646
5290000, 59631,5290000, 10382
5300000, 60424,5300000, 8163
5310000, 59339,5310000, 11403
5320000, 59570,5320000, 10395
5330000, 59071,5330000, 12378
5340000, 60544,5340000, 8717
5350000, 58593,5350000, 9810
5360000, 58482,5360000, 9734
5370000, 58472,5370000, 10683
5380000, 58662,5380000, 8846
5390000, 60045,5390000, 10611
5400000, 58704,5400000, 8237
5410000, 58188,5410000, 12230
5420000, 61355,5420000, 11547
5430000, 58104,5430000, 11066
5440000, 59444,5440000, 9067
5450000, 58344,5450000, 9230
5460000, 59789,5460000, 11930
5470000, 58080,5470000, 8699
5480000, 59416,5480000, 11371
5490000, 61636,5490000, 8796
5500000, 57674,5500000, 15235
5510000, 59407,5510000, 6412
5520000, 61192,5520000, 15979
5530000, 58976,5530000, 10291
5540000, 61233,5540000, 9569
5550000, 57361,5550000, 9835
5560000, 60706,5560000, 9298
5570000, 60494,5570000, 13330
5580000, 59212,5580000, 9646
5590000, 57984,5590000, 10855
5600000, 59575,5600000, 11671
5610000, 59484,5610000, 9686
5620000, 58368,5620000, 13250
5630000, 59930,5630000, 8278
5640000, 59219,5640000, 9602
5650000, 60442,5650000, 11734
5660000, 60158,5660000, 11586
5670000, 59147,5670000, 8528
5680000, 59908,5680000, 11461
5690000, 59405,5690000, 11043
5700000, 59627,5700000, 10629
5710000, 61033,5710000, 8782
5720000, 60705,5720000, 10657
5730000, 58504,5730000, 10801
5740000, 59637,5740000, 11519
5750000, 59325,5750000, 11227
5760000, 59740,5760000, 10545
5770000, 59403,5770000, 11552
5780000, 58485,5780000, 10683
5790000, 59939,5790000, 10125
5800000, 59997,5800000, 10876
5810000, 60275,5810000, 11877
5820000, 58211,5820000, 10808
5830000, 61326,5830000, 11677
5840000, 59695,5840000, 9727
5850000, 59710,5850000, 12641
5860000, 59750,5860000, 11319
5870000, 59948,5870000, 11150
5880000, 60661,5880000, 10457
5890000, 60440,5890000, 13425
5900000, 60042,5900000, 10009
5910000, 59406,5910000, 9941
5920000, 62264,5920000, 12184
5930000, 58974,5930000, 12504
5940000, 58903,5940000, 12564
5950000, 61107,5950000, 12051
5960000, 60317,5960000, 10741
5970000, 59862,5970000, 11730
5980000, 60669,5980000, 13403
5990000, 59249,5990000, 11616
6000000, 60455,6000000, 11029
6010000, 59072,6010000, 12359
6020000, 60502,6020000, 13980
6030000, 60011,6030000, 12763
6040000, 60894,6040000, 10826
6050000, 60223,6050000, 10893
6060000, 59260,6060000, 13477
6070000, 59759,6070000, 12834
6080000, 60353,6080000, 13004
6090000, 61196,6090000, 10608
6100000, 60492,6100000, 12336
6110000, 59041,6110000, 15350
6120000, 59777,6120000, 11502
6130000, 60538,6130000, 13154
6140000, 60764,6140000, 12547
6150000, 60744,6150000, 13809
6160000, 61124,6160000, 12176
6170000, 60917,6170000, 12701
6180000, 57902,6180000, 11357
6190000, 59726,6190000, 13074
6200000, 61058,6200000, 12939
6210000, 60960,6210000, 12994
6220000, 58626,6220000, 11276
6230000, 60411,6230000, 14689
6240000, 60473,6240000, 12635
6250000, 61080,6250000, 13419
6260000, 59959,6260000, 13169
6270000, 61179,6270000, 13388
6280000, 61479,6280000, 13696
6290000, 60579,6290000, 14597
6300000, 59676,6300000, 12491
6310000, 59693,6310000, 14508
6320000, 59602,6320000, 14103
6330000, 60892,6330000, 13539
6340000, 60206,6340000, 14965
6350000, 60581,6350000, 10400
6360000, 60489,6360000, 16659
6370000, 60923,6370000, 12635
6380000, 61114,6380000, 16572
6390000, 61437,6390000, 13947
6400000, 61677,6400000, 15399
6410000, 61161,6410000, 15323
6420000, 62049,6420000, 14616
6430000, 60983,6430000, 16428
6440000, 60048,6440000, 13145
6450000, 61881,6450000, 14893
6460000, 61902,6460000, 13060
6470000, 61570,6470000, 15674
6480000, 60598,6480000, 16223
6490000, 59850,6490000, 13168
6500000, 61353,6500000, 16251
6510000, 60455,6510000, 15651
6520000, 63350,6520000, 14555
6530000, 60927,6530000, 15456
6540000, 60382,6540000, 14447
6550000, 61747,6550000, 17002
6560000, 60611,6560000, 14955
6570000, 61778,6570000, 15092
6580000, 61664,6580000, 15028
6590000, 61634,6590000, 16664
6600000, 60706,6600000, 15679
6610000, 60562,6610000, 16205
6620000, 62994,6620000, 17385
6630000, 61456,6630000, 16576
6640000, 62869,6640000, 18582
6650000, 61619,6650000, 13885
6660000, 60145,6660000, 15047
6670000, 61996,6670000, 17616
6680000, 61716,6680000, 15605
6690000, 61269,6690000, 15944
6700000, 62424,6700000, 14884
6710000, 61172,6710000, 17474
6720000, 60962,6720000, 15337
6730000, 61236,6730000, 17677
6740000, 59985,6740000, 17379
6750000, 61955,6750000, 14877
6760000, 62522,6760000, 18092
6770000, 62721,6770000, 16125
6780000, 61297,6780000, 20607
6790000, 61795,6790000, 15859
6800000, 60906,6800000, 16827
6810000, 61280,6810000, 17243
6820000, 60918,6820000, 16984
6830000, 62045,6830000, 16589
6840000, 60769,6840000, 15896
6850000, 62916,6850000, 19045
6860000, 59479,6860000, 19495
6870000, 61466,6870000, 19213
6880000, 62547,6880000, 18300
6890000, 62333,6890000, 18756
6900000, 61557,6900000, 20090
6910000, 61143,6910000, 15419
6920000, 63193,6920000, 19837
6930000, 60322,6930000, 19487
6940000, 62470,6940000, 16080
6950000, 61461,6950000, 19422
6960000, 63735,6960000, 17550
6970000, 61998,6970000, 17753
6980000, 61285,6980000, 19328
6990000, 61982,6990000, 17358
7000000, 60039,7000000, 17575
7010000, 62742,7010000, 21315
7020000, 62179,7020000, 18709
7030000, 61688,7030000, 16648
7040000, 61782,7040000, 18646
7050000, 60268,7050000, 15664
7060000, 63960,7060000, 20399
7070000, 61313,7070000, 19117
7080000, 62044,7080000, 17149
7090000, 61678,7090000, 18354
7100000, 62984,7100000, 18911
7110000, 62543,7110000, 17790
7120000, 58718,7120000, 18994
7130000, 62712,7130000, 16172
7140000, 62443,7140000, 19505
7150000, 62354,7150000, 14894
7160000, 61052,7160000, 18442
7170000, 61932,7170000, 18244
7180000, 62209,7180000, 17706
7190000, 60431,7190000, 18410
7200000, 63899,7200000, 17528
7210000, 60697,7210000, 18250
7220000, 62478,7220000, 18241
7230000, 61069,7230000, 17324
7240000, 63321,7240000, 20056
7250000, 61372,7250000, 18529
7260000, 63622,7260000, 16939
7270000, 61121,7270000, 15558
7280000, 61916,7280000, 21902
7290000, 60788,7290000, 17342
7300000, 62561,7300000, 17317
7310000, 61680,7310000, 18314
7320000, 63302,7320000, 15809
7330000, 60996,7330000, 21590
7340000, 61622,7340000, 20723
7350000, 62043,7350000, 16365
7360000, 62656,7360000, 19065
7370000, 62020,7370000, 17704
7380000, 62768,7380000, 16937
7390000, 61947,7390000, 20008
7400000, 62187,7400000, 17097
7410000, 64079,7410000, 20375
7420000, 61809,7420000, 17781
7430000, 62152,7430000, 16373
7440000, 62894,7440000, 18838
7450000, 62396,7450000, 16578
7460000, 62422,7460000, 20198
7470000, 63373,7470000, 21525
7480000, 61343,7480000, 15979
7490000, 62917,7490000, 22007
7500000, 62817,7500000, 18327
7510000, 61793,7510000, 17603
7520000, 62623,7520000, 19412
7530000, 61508,7530000, 19075
7540000, 62536,7540000, 21204
7550000, 62377,7550000, 17869
7560000, 62246,7560000, 17450
7570000, 62334,7570000, 20316
7580000, 63807,7580000, 17090
7590000, 61999,7590000, 16836
7600000, 61945,7600000, 22286
7610000, 63055,7610000, 17688
7620000, 62000,7620000, 17468
7630000, 62933,7630000, 21593
7640000, 62497,7640000, 17271
7650000, 61110,7650000, 20948
7660000, 63116,7660000, 18603
7670000, 63129,7670000, 18779
7680000, 63590,7680000, 17037
7690000, 62004,7690000, 17593
7700000, 62997,7700000, 16717
7710000, 61949,7710000, 20909
7720000, 63786,7720000, 17662
7730000, 61455,7730000, 19103
7740000, 60648,7740000, 17392
7750000, 63102,7750000, 17771
7760000, 62373,7760000, 20789
7770000, 62227,7770000, 16274
7780000, 62133,7780000, 19136
7790000, 61383,7790000, 18604
7800000, 62664,7800000, 17877
7810000, 62921,7810000, 18219
7820000, 63587,7820000, 18980
7830000, 63646,7830000, 17717
7840000, 64112,7840000, 19721
7850000, 62868,7850000, 18288
7860000, 61687,7860000, 20191
7870000, 62542,7870000, 16113
7880000, 63469,7880000, 17124
7890000, 62887,7890000, 18372
7900000, 64702,7900000, 18571
7910000, 62341,7910000, 17412
7920000, 63197,7920000, 20439
7930000, 60210,7930000, 19447
7940000, 62237,7940000, 17356
7950000, 62127,7950000, 17814
7960000, 63441,7960000, 18289
7970000, 60946,7970000, 18335
7980000, 63528,7980000, 16921
7990000, 63634,7990000, 19102
8000000, 62904,8000000, 16055
8010000, 63574,8010000, 19276
8020000, 62440,8020000, 17133
8030000, 61069,8030000, 17715
8040000, 62385,8040000, 22804
8050000, 61842,8050000, 15657
8060000, 62852,8060000, 19831
8070000, 62934,8070000, 18224
8080000, 62971,8080000, 18730
8090000, 61519,8090000, 15637
8100000, 62698,8100000, 19901
8110000, 62814,8110000, 18541
8120000, 63283,8120000, 19768
8130000, 62847,8130000, 17497
8140000, 62018,8140000, 18394
8150000, 62758,8150000, 20889
8160000, 62709,8160000, 19197
8170000, 62140,8170000, 17271
8180000, 61833,8180000, 18927
8190000, 62966,8190000, 14326
8200000, 62697,8200000, 17703
8210000, 61825,8210000, 17269
8220000, 63341,8220000, 19567
8230000, 64063,8230000, 16746
8240000, 61975,8240000, 20998
8250000, 62571,8250000, 17972
8260000, 62616,8260000, 17067
8270000, 61209,8270000, 16142
8280000, 63551,8280000, 18704
8290000, 62728,8290000, 20380
8300000, 62626,8300000, 14316
8310000, 62395,8310000, 17337
8320000, 62791,8320000, 16368
8330000, 63365,8330000, 20296
8340000, 62225,8340000, 18337
8350000, 62554,8350000, 14822
8360000, 63513,8360000, 17697
8370000, 62094,8370000, 18795
8380000, 63034,8380000, 16851
8390000, 62309,8390000, 17470
8400000, 62382,8400000, 16636
8410000, 61959,8410000, 19716
8420000, 62628,8420000, 17227
8430000, 63959,8430000, 16450
8440000, 61571,8440000, 16527
8450000, 63663,8450000, 17945
8460000, 61247,8460000, 15409
8470000, 62739,8470000, 20465
8480000, 61703,8480000, 18363
8490000, 61672,8490000, 13887
8500000, 62553,8500000, 19809
8510000, 63126,8510000, 18803
8520000, 62656,8520000, 15159
8530000, 62483,8530000, 18466
8540000, 63198,8540000, 15980
8550000, 61873,8550000, 17004
8560000, 62763,8560000, 16996
8570000, 60753,8570000, 19129
8580000, 64040,8580000, 13404
8590000, 61473,8590000, 20426
8600000, 63229,8600000, 16538
8610000, 60921,8610000, 17829
8620000, 62613,8620000, 16694
8630000, 62534,8630000, 18466
8640000, 61892,8640000, 17021
8650000, 61957,8650000, 17343
8660000, 61945,8660000, 18846
8670000, 63684,8670000, 14559
8680000, 63154,8680000, 18632
8690000, 61840,8690000, 17717
8700000, 62776,8700000, 15819
8710000, 62538,8710000, 14876
8720000, 61360,8720000, 20200
8730000, 62275,8730000, 16727
8740000, 60979,8740000, 17696
8750000, 64367,8750000, 16663
8760000, 60975,8760000, 18368
8770000, 62419,8770000, 17473
8780000, 61433,8780000, 15033
8790000, 62206,8790000, 14451
8800000, 61413,8800000, 18493
8810000, 64945,8810000, 14758
8820000, 61559,8820000, 17529
8830000, 62846,8830000, 18636
8840000, 60985,8840000, 16448
8850000, 62248,8850000, 15597
8860000, 61807,8860000, 18275
8870000, 62611,8870000, 16102
8880000, 62384,8880000, 15748
8890000, 62184,8890000, 15928
8900000, 62469,8900000, 20100
8910000, 61545,8910000, 16973
8920000, 63781,8920000, 14216
8930000, 61712,8930000, 16858
8940000, 61233,8940000, 16711
8950000, 63770,8950000, 17391
8960000, 64767,8960000, 18257
8970000, 60484,8970000, 16445
8980000, 62939,8980000, 16782
8990000, 61714,8990000, 17746
9000000, 62282,9000000, 18954
9010000, 61728,9010000, 18775
9020000, 62377,9020000, 14436
9030000, 61638,9030000, 16211
9040000, 63504,9040000, 17822
9050000, 60719,9050000, 15235
9060000, 61997,9060000, 17372
9070000, 61896,9070000, 18023
9080000, 63527,9080000, 16001
9090000, 61253,9090000, 14705
9100000, 63328,9100000, 18583
9110000, 61655,9110000, 16358
9120000, 62535,9120000, 18699
9130000, 63201,9130000, 16213
9140000, 61358,9140000, 15403
9150000, 63841,9150000, 15456
9160000, 61410,9160000, 17203
9170000, 61959,9170000, 18668
9180000, 62985,9180000, 16964
9190000, 61972,9190000, 15777
9200000, 60995,9200000, 16921
9210000, 63403,9210000, 16821
9220000, 62287,9220000, 17757
9230000, 63044,9230000, 15040
9240000, 62529,9240000, 18345
9250000, 64436,9250000, 17386
9260000, 61609,9260000, 16056
9270000, 62254,9270000, 16604
9280000, 61406,9280000, 17556
9290000, 61463,9290000, 17012
9300000, 62267,9300000, 17203
9310000, 63468,9310000, 16192
9320000, 61076,9320000, 16389
9330000, 64812,9330000, 15787
9340000, 61241,9340000, 18506
9350000, 61081,9350000, 15260
9360000, 63325,9360000, 16156
9370000, 63342,9370000, 15930
9380000, 60977,9380000, 16553
9390000, 62136,9390000, 14306
9400000, 60927,9400000, 17649
9410000, 62494,9410000, 20381
9420000, 62522,9420000, 15137
9430000, 62943,9430000, 14610
9440000, 63591,9440000, 17102
9450000, 60302,9450000, 16080
9460000, 62315,9460000, 18800
9470000, 60993,9470000, 15684
9480000, 63695,9480000, 16452
9490000, 60579,9490000, 14683
9500000, 63055,9500000, 16311
9510000, 61341,9510000, 17352
9520000, 62022,9520000, 14295
9530000, 62136,9530000, 17621
9540000, 61924,9540000, 15338
9550000, 61447,9550000, 16980
9560000, 63089,9560000, 15890
9570000, 63148,9570000, 16426
9580000, 62881,9580000, 16258
9590000, 64461,9590000, 15527
9600000, 60229,9600000, 15804
9610000, 62709,9610000, 17045
9620000, 63011,9620000, 15738
9630000, 60658,9630000, 15790
9640000, 61643,9640000, 17514
9650000, 63013,9650000, 17595
9660000, 62309,9660000, 15579
9670000, 63404,9670000, 16527
9680000, 62321,9680000, 15717
9690000, 63070,9690000, 14671
9700000, 62613,9700000, 17723
9710000, 61245,9710000, 17258
9720000, 61781,9720000, 17664
9730000, 61504,9730000, 14861
9740000, 62959,9740000, 14304
9750000, 61293,9750000, 17040
9760000, 62778,9760000, 16324
9770000, 62395,9770000, 20173
9780000, 69213,9780000, 15689
9790000, 71809,9790000, 14459
9800000, 62239,9800000, 16062
9810000, 61290,9810000, 17782
9820000, 61051,9820000, 15988
9830000, 62097,9830000, 16482
9840000, 61947,9840000, 18009
9850000, 63033,9850000, 15043
9860000, 62022,9860000, 16151
9870000, 63142,9870000, 16971
9880000, 61894,9880000, 16398
9890000, 61471,9890000, 17255
9900000, 62572,9900000, 16805
9910000, 63233,9910000, 17090
9920000, 61796,9920000, 16351
9930000, 62463,9930000, 16014
9940000, 61078,9940000, 19622
9950000, 63093,9950000, 11740
9960000, 64272,9960000, 15831
9970000, 60391,9970000, 17054
9980000, 62643,9980000, 14414
9990000, 62836,9990000, 17216
10000000, 62138,10000000, 15031
10010000, 61797,10010000, 20045
10020000, 61973,10020000, 19026
10030000, 62719,10030000, 14230
10040000, 61277,10040000, 16861
10050000, 61985,10050000, 19359
10060000, 63042,10060000, 13485
10070000, 63796,10070000, 16672
10080000, 61598,10080000, 14690
10090000, 62491,10090000, 19279
10100000, 63094,10100000, 15384
10110000, 63195,10110000, 15760
10120000, 61813,10120000, 15560
10130000, 64165,10130000, 14725
10140000, 61611,10140000, 17350
10150000, 61892,10150000, 17497
10160000, 62036,10160000, 17729
10170000, 62862,10170000, 15496
10180000, 60103,10180000, 15970
10190000, 62701,10190000, 16948
10200000, 60444,10200000, 16735
10210000, 62906,10210000, 18540
10220000, 62358,10220000, 15101
10230000, 61059,10230000, 15308
10240000, 62153,10240000, 13954
10250000, 61570,10250000, 18051
10260000, 63253,10260000, 15054
10270000, 61984,10270000, 15634
10280000, 61568,10280000, 18526
10290000, 63391,10290000, 15846
10300000, 63456,10300000, 15926
10310000, 62030,10310000, 16255
10320000, 63275,10320000, 18321
10330000, 61729,10330000, 16598
10340000, 63142,10340000, 18531
10350000, 60988,10350000, 15492
10360000, 61674,10360000, 15107
10370000, 62469,10370000, 17674
10380000, 63126,10380000, 18108
10390000, 61386,10390000, 15967
10400000, 64026,10400000, 17455
10410000, 61808,10410000, 14486
10420000, 62546,10420000, 16945
10430000, 61652,10430000, 17168
10440000, 63161,10440000, 16255
10450000, 62257,10450000, 17429
10460000, 62903,10460000, 16592
10470000, 61517,10470000, 19838
10480000, 63191,10480000, 13083
10490000, 61469,10490000, 18114
10500000, 63025,10500000, 16690
10510000, 62073,10510000, 15714
10520000, 62504,10520000, 15717
10530000, 62320,10530000, 18663
10540000, 63060,10540000, 16673
10550000, 61015,10550000, 17155
10560000, 62416,10560000, 16566
10570000, 63770,10570000, 17748
10580000, 61043,10580000, 17740
10590000, 62800,10590000, 18567
10600000, 62059,10600000, 15861
10610000, 63186,10610000, 16767
10620000, 62527,10620000, 18556
10630000, 62772,10630000, 19448
10640000, 60838,10640000, 15395
10650000, 63199,10650000, 16400
10660000, 62837,10660000, 18331
10670000, 61951,10670000, 19429
10680000, 63295,10680000, 15020
10690000, 61082,10690000, 16844
10700000, 61444,10700000, 18451
10710000, 62487,10710000, 15306
10720000, 65081,10720000, 17553
10730000, 61844,10730000, 16853
10740000, 61543,10740000, 17069
10750000, 63099,10750000, 19554
10760000, 63611,10760000, 13770
10770000, 62701,10770000, 15527
10780000, 61380,10780000, 18524
10790000, 63770,10790000, 17737
10800000, 62793,10800000, 17858
10810000, 61846,10810000, 16142
10820000, 62240,10820000, 15001
10830000, 60891,10830000, 19628
10840000, 62151,10840000, 17053
10850000, 62178,10850000, 17112
10860000, 63854,10860000, 20052
10870000, 61691,10870000, 16676
10880000, 61373,10880000, 17863
10890000, 63301,10890000, 15132
10900000, 62413,10900000, 18323
10910000, 63322,10910000, 18180
10920000, 61561,10920000, 16126
10930000, 62084,10930000, 17060
10940000, 62358,10940000, 17861
10950000, 61776,10950000, 17999
10960000, 63230,10960000, 17925
10970000, 63097,10970000, 18889
10980000, 62583,10980000, 16953
10990000, 61343,10990000, 19621
11000000, 62820,11000000, 18766
11010000, 61623,11010000, 13364
11020000, 62287,11020000, 19038
11030000, 65709,11030000, 16712
11040000, 60287,11040000, 15568
11050000, 61882,11050000, 19582
11060000, 63197,11060000, 17084
11070000, 60767,11070000, 16885
11080000, 63142,11080000, 15565
11090000, 63168,11090000, 20027
11100000, 60944,11100000, 18766
11110000, 62322,11110000, 16491
11120000, 63234,11120000, 16277
11130000, 63056,11130000, 17340
11140000, 61236,11140000, 19106
11150000, 63582,11150000, 17335
11160000, 62957,11160000, 14842
11170000, 62869,11170000, 17153
11180000, 63131,11180000, 17153
11190000, 63083,11190000, 16224
11200000, 62805,11200000, 16008
11210000, 62472,11210000, 15032
11220000, 63757,11220000, 20035
11230000, 62586,11230000, 19087
11240000, 62065,11240000, 16888
11250000, 63249,11250000, 18124
11260000, 63018,11260000, 20385
11270000, 61485,11270000, 15566
11280000, 61257,11280000, 17701
11290000, 63506,11290000, 20420
11300000, 63535,11300000, 16246
11310000, 63397,11310000, 15813
11320000, 61033,11320000, 17229
11330000, 63116,11330000, 17653
11340000, 62497,11340000, 16625
11350000, 62285,11350000, 16526
11360000, 64686,11360000, 17197
11370000, 63369,11370000, 19251
11380000, 61792,11380000, 18956
11390000, 63180,11390000, 16774
11400000, 64295,11400000, 19016
11410000, 61975,11410000, 17285
11420000, 62355,11420000, 18551
11430000, 64735,11430000, 15399
11440000, 63101,11440000, 17995
11450000, 60215,11450000, 19695
11460000, 63684,11460000, 16351
11470000, 63675,11470000, 21941
11480000, 63284,11480000, 16429
11490000, 62638,11490000, 18432
11500000, 61538,11500000, 18397
11510000, 61899,11510000, 20606
11520000, 63180,11520000, 15553
11530000, 62426,11530000, 15116
11540000, 64157,11540000, 18823
11550000, 62388,11550000, 21329
11560000, 62838,11560000, 16528
11570000, 62619,11570000, 17253
11580000, 63436,11580000, 20208
11590000, 64030,11590000, 16873
11600000, 61572,11600000, 19056
11610000, 62463,11610000, 18894
11620000, 64772,11620000, 18646
11630000, 61980,11630000, 18500
11640000, 62860,11640000, 18454
11650000, 62326,11650000, 20423
11660000, 62304,11660000, 15599
11670000, 64630,11670000, 20274
11680000, 63094,11680000, 16135
11690000, 63461,11690000, 20198
11700000, 65247,11700000, 16184
11710000, 61510,11710000, 20537
11720000, 62725,11720000, 20768
11730000, 63635,11730000, 16430
11740000, 62684,11740000, 18280
11750000, 62267,11750000, 19679
11760000, 64585,11760000, 17318
11770000, 62602,11770000, 21278
11780000, 63315,11780000, 18333
11790000, 63122,11790000, 19047
11800000, 63654,11800000, 19282
11810000, 63128,11810000, 17747
11820000, 62123,11820000, 18098
11830000, 61666,11830000, 18699
11840000, 64148,11840000, 19944
11850000, 63346,11850000, 21148
11860000, 61562,11860000, 19822
11870000, 62751,11870000, 19740
11880000, 61552,11880000, 17316
11890000, 0, 0, 21369
11900000, 0, 0, 15691
11910000, 0, 0, 21524
11920000, 0, 0, 19214
11930000, 0, 0, 17361
11940000, 0, 0, 19397
11950000, 0, 0, 18519
11960000, 0, 0, 18897
11970000, 0, 0, 18168
11980000, 0, 0, 20604
11990000, 0, 0, 19876
12000000, 0, 0, 18129
12010000, 0, 0, 16403
12020000, 0, 0, 23034
12030000, 0, 0, 17756
12040000, 0, 0, 18888
12050000, 0, 0, 19959
12060000, 0, 0, 17785
12070000, 0, 0, 18825
12080000, 0, 0, 21853
12090000, 0, 0, 19365
12100000, 0, 0, 19876
12110000, 0, 0, 20184
12120000, 0, 0, 15843
12130000, 0, 0, 20724
12140000, 0, 0, 21152
12150000, 0, 0, 22725
12160000, 0, 0, 16746
12170000, 0, 0, 20969
12180000, 0, 0, 19078
12190000, 0, 0, 19576
12200000, 0, 0, 20551
12210000, 0, 0, 18387
12220000, 0, 0, 20415
12230000, 0, 0, 19497
12240000, 0, 0, 19139
12250000, 0, 0, 17502
12260000, 0, 0, 21349
12270000, 0, 0, 21264
12280000, 0, 0, 19789
12290000, 0, 0, 18637
12300000, 0, 0, 21666
12310000, 0, 0, 20998
12320000, 0, 0, 18790
12330000, 0, 0, 20390
12340000, 0, 0, 18907
12350000, 0, 0, 21850
12360000, 0, 0, 20384
12370000, 0, 0, 20415
12380000, 0, 0, 17520
12390000, 0, 0, 24227
12400000, 0, 0, 20882
12410000, 0, 0, 20726
12420000, 0, 0, 18571
12430000, 0, 0, 18436
12440000, 0, 0, 20648
12450000, 0, 0, 21631
12460000, 0, 0, 21120
12470000, 0, 0, 20795
12480000, 0, 0, 19146
12490000, 0, 0, 21332
12500000, 0, 0, 21060
12510000, 0, 0, 19187
12520000, 0, 0, 20489
12530000, 0, 0, 23638
12540000, 0, 0, 22563
12550000, 0, 0, 22173
12560000, 0, 0, 18496
12570000, 0, 0, 23142
12580000, 0, 0, 18090
12590000, 0, 0, 21602
12600000, 0, 0, 23012
12610000, 0, 0, 25443
12620000, 0, 0, 16778
12630000, 0, 0, 23231
12640000, 0, 0, 20130
12650000, 0, 0, 21534
12660000, 0, 0, 21468
12670000, 0, 0, 21759
12680000, 0, 0, 20877
12690000, 0, 0, 23501
12700000, 0, 0, 18725
12710000, 0, 0, 25776
12720000, 0, 0, 21658
12730000, 0, 0, 20640
12740000, 0, 0, 20332
12750000, 0, 0, 21008
12760000, 0, 0, 22503
12770000, 0, 0, 21623
12780000, 0, 0, 22717
12790000, 0, 0, 23103
12800000, 0, 0, 22075
12810000, 0, 0, 23919
12820000, 0, 0, 20606
12830000, 0, 0, 21873
12840000, 0, 0, 20835
12850000, 0, 0, 24896
12860000, 0, 0, 23109
12870000, 0, 0, 22055
12880000, 0, 0, 19865
12890000, 0, 0, 22559
12900000, 0, 0, 24280
12910000, 0, 0, 21242
12920000, 0, 0, 22186
12930000, 0, 0, 19065
12940000, 0, 0, 26889
12950000, 0, 0, 20509
12960000, 0, 0, 23386
12970000, 0, 0, 21222
12980000, 0, 0, 23761
12990000, 0, 0, 24514
13000000, 0, 0, 20485
13010000, 0, 0, 23595
13020000, 0, 0, 20928
13030000, 0, 0, 25907
13040000, 0, 0, 19447
13050000, 0, 0, 22418
13060000, 0, 0, 20159
13070000, 0, 0, 23780
13080000, 0, 0, 21506
13090000, 0, 0, 25626
13100000, 0, 0, 25589
13110000, 0, 0, 21285
13120000, 0, 0, 26574
13130000, 0, 0, 20329
13140000, 0, 0, 22547
13150000, 0, 0, 24990
13160000, 0, 0, 23115
13170000, 0, 0, 24479
13180000, 0, 0, 24384
13190000, 0, 0, 23656
13200000, 0, 0, 26907
13210000, 0, 0, 25653
13220000, 0, 0, 17071
13230000, 0, 0, 25730
13240000, 0, 0, 25633
13250000, 0, 0, 22218
13260000, 0, 0, 25454
13270000, 0, 0, 24023
13280000, 0, 0, 23557
13290000, 0, 0, 23287
13300000, 0, 0, 23107
13310000, 0, 0, 22944
13320000, 0, 0, 25318
13330000, 0, 0, 22946
13340000, 0, 0, 24830
13350000, 0, 0, 24831
13360000, 0, 0, 28332
13370000, 0, 0, 21893
13380000, 0, 0, 23886
13390000, 0, 0, 24488
13400000, 0, 0, 24924
13410000, 0, 0, 24263
13420000, 0, 0, 26822
13430000, 0, 0, 23286
13440000, 0, 0, 26138
13450000, 0, 0, 23289
13460000, 0, 0, 24424
13470000, 0, 0, 25067
13480000, 0, 0, 29434
13490000, 0, 0, 21734
13500000, 0, 0, 23794
13510000, 0, 0, 24594
13520000, 0, 0, 28636
13530000, 0, 0, 22847
13540000, 0, 0, 28863
13550000, 0, 0, 22761
13560000, 0, 0, 26716
13570000, 0, 0, 24494
13580000, 0, 0, 27475
13590000, 0, 0, 23676
13600000, 0, 0, 25859
13610000, 0, 0, 25558
13620000, 0, 0, 23818
13630000, 0, 0, 24057
13640000, 0, 0, 27414
13650000, 0, 0, 23732
13660000, 0, 0, 26808
13670000, 0, 0, 24254
13680000, 0, 0, 23718
13690000, 0, 0, 24672
13700000, 0, 0, 21923
13710000, 0, 0, 26721
13720000, 0, 0, 27709
13730000, 0, 0, 23744
13740000, 0, 0, 27133
13750000, 0, 0, 23966
13760000, 0, 0, 27697
13770000, 0, 0, 26385
13780000, 0, 0, 26182
13790000, 0, 0, 24843
13800000, 0, 0, 26292
13810000, 0, 0, 31056
13820000, 0, 0, 26355
13830000, 0, 0, 28436
13840000, 0, 0, 23349
13850000, 0, 0, 24254
13860000, 0, 0, 27521
13870000, 0, 0, 27967
13880000, 0, 0, 26175
13890000, 0, 0, 24762
13900000, 0, 0, 26658
13910000, 0, 0, 26525
13920000, 0, 0, 25522
13930000, 0, 0, 25756
13940000, 0, 0, 26141
13950000, 0, 0, 26817
13960000, 0, 0, 29276
13970000, 0, 0, 26716
13980000, 0, 0, 23786
13990000, 0, 0, 27067
14000000, 0, 0, 25090
14010000, 0, 0, 27811
14020000, 0, 0, 25823
14030000, 0, 0, 27559
14040000, 0, 0, 25565
14050000, 0, 0, 29316
14060000, 0, 0, 28065
14070000, 0, 0, 23202
14080000, 0, 0, 24973
14090000, 0, 0, 29161
14100000, 0, 0, 26977
14110000, 0, 0, 26383
14120000, 0, 0, 26709
14130000, 0, 0, 31166
14140000, 0, 0, 25252
14150000, 0, 0, 26859
14160000, 0, 0, 27431
14170000, 0, 0, 27448
14180000, 0, 0, 24882
14190000, 0, 0, 25760
14200000, 0, 0, 24870
14210000, 0, 0, 28618
14220000, 0, 0, 25485
14230000, 0, 0, 25717
14240000, 0, 0, 27383
14250000, 0, 0, 28088
14260000, 0, 0, 28362
14270000, 0, 0, 27182
14280000, 0, 0, 27230
14290000, 0, 0, 29750
14300000, 0, 0, 23947
14310000, 0, 0, 28637
14320000, 0, 0, 25213
14330000, 0, 0, 29540
14340000, 0, 0, 28643
14350000, 0, 0, 29868
14360000, 0, 0, 24597
14370000, 0, 0, 27849
14380000, 0, 0, 27532
14390000, 0, 0, 27461
14400000, 0, 0, 27791
14410000, 0, 0, 24668
14420000, 0, 0, 30474
14430000, 0, 0, 28078
14440000, 0, 0, 28618
14450000, 0, 0, 29544
14460000, 0, 0, 26721
14470000, 0, 0, 29384
14480000, 0, 0, 29225
14490000, 0, 0, 24707
14500000, 0, 0, 29012
14510000, 0, 0, 27288
14520000, 0, 0, 31098
14530000, 0, 0, 24514
14540000, 0, 0, 24571
14550000, 0, 0, 26647
14560000, 0, 0, 28527
14570000, 0, 0, 29431
14580000, 0, 0, 28009
14590000, 0, 0, 27634
14600000, 0, 0, 30752
14610000, 0, 0, 26184
14620000, 0, 0, 28018
14630000, 0, 0, 31205
14640000, 0, 0, 27896
14650000, 0, 0, 28045
14660000, 0, 0, 26885
14670000, 0, 0, 24967
14680000, 0, 0, 28730
14690000, 0, 0, 29477
14700000, 0, 0, 29026
14710000, 0, 0, 23148
14720000, 0, 0, 29142
14730000, 0, 0, 30234
14740000, 0, 0, 27157
14750000, 0, 0, 28533
14760000, 0, 0, 26272
14770000, 0, 0, 25014
14780000, 0, 0, 26075
14790000, 0, 0, 29144
14800000, 0, 0, 27289
14810000, 0, 0, 31750
14820000, 0, 0, 23408
14830000, 0, 0, 34379
14840000, 0, 0, 27889
14850000, 0, 0, 28156
14860000, 0, 0, 26735
14870000, 0, 0, 28746
14880000, 0, 0, 27100
14890000, 0, 0, 27948
14900000, 0, 0, 32004
14910000, 0, 0, 25177
14920000, 0, 0, 26589
14930000, 0, 0, 30592
14940000, 0, 0, 27704
14950000, 0, 0, 27048
14960000, 0, 0, 27769
14970000, 0, 0, 25981
14980000, 0, 0, 29204
14990000, 0, 0, 24412
15000000, 0, 0, 33261
15010000, 0, 0, 26308
15020000, 0, 0, 29064
15030000, 0, 0, 31326
15040000, 0, 0, 28550
15050000, 0, 0, 30559
15060000, 0, 0, 32229
15070000, 0, 0, 26454
15080000, 0, 0, 27345
15090000, 0, 0, 31287
15100000, 0, 0, 26025
15110000, 0, 0, 28680
15120000, 0, 0, 31264
15130000, 0, 0, 26564
15140000, 0, 0, 30086
15150000, 0, 0, 28821
15160000, 0, 0, 31924
15170000, 0, 0, 26199
15180000, 0, 0, 29937
15190000, 0, 0, 30334
15200000, 0, 0, 26873
15210000, 0, 0, 26138
15220000, 0, 0, 31711
15230000, 0, 0, 26516
15240000, 0, 0, 30635
15250000, 0, 0, 27716
15260000, 0, 0, 29144
15270000, 0, 0, 32403
15280000, 0, 0, 29519
15290000, 0, 0, 24403
15300000, 0, 0, 30497
15310000, 0, 0, 31381
15320000, 0, 0, 26977
15330000, 0, 0, 29564
15340000, 0, 0, 28312
15350000, 0, 0, 30235
15360000, 0, 0, 29999
15370000, 0, 0, 28233
15380000, 0, 0, 29251
15390000, 0, 0, 25441
15400000, 0, 0, 32859
15410000, 0, 0, 29978
15420000, 0, 0, 30117
15430000, 0, 0, 26884
15440000, 0, 0, 30939
15450000, 0, 0, 27611
15460000, 0, 0, 29328
15470000, 0, 0, 24039
15480000, 0, 0, 31814
15490000, 0, 0, 28820
15500000, 0, 0, 29909
15510000, 0, 0, 30658
15520000, 0, 0, 26576
15530000, 0, 0, 33103
15540000, 0, 0, 26608
15550000, 0, 0, 28082
15560000, 0, 0, 28236
15570000, 0, 0, 31541
15580000, 0, 0, 30442
15590000, 0, 0, 27886
15600000, 0, 0, 30359
15610000, 0, 0, 30972
15620000, 0, 0, 24877
15630000, 0, 0, 28900
15640000, 0, 0, 30459
15650000, 0, 0, 26671
15660000, 0, 0, 31875
15670000, 0, 0, 26347
15680000, 0, 0, 27172
15690000, 0, 0, 30195
15700000, 0, 0, 28933
15710000, 0, 0, 27690
15720000, 0, 0, 31516
15730000, 0, 0, 27102
15740000, 0, 0, 29314
15750000, 0, 0, 27701
15760000, 0, 0, 28608
15770000, 0, 0, 28474
15780000, 0, 0, 28539
15790000, 0, 0, 30320
15800000, 0, 0, 26729
15810000, 0, 0, 33194
15820000, 0, 0, 27126
15830000, 0, 0, 28883
15840000, 0, 0, 27566
15850000, 0, 0, 25558
15860000, 0, 0, 28333
15870000, 0, 0, 30335
15880000, 0, 0, 28279
15890000, 0, 0, 29374
15900000, 0, 0, 31790
15910000, 0, 0, 26825
15920000, 0, 0, 27659
15930000, 0, 0, 32645
15940000, 0, 0, 28785
15950000, 0, 0, 27302
15960000, 0, 0, 29513
15970000, 0, 0, 31466
15980000, 0, 0, 33612
15990000, 0, 0, 24695
16000000, 0, 0, 30070
16010000, 0, 0, 27983
16020000, 0, 0, 34510
16030000, 0, 0, 26165
16040000, 0, 0, 29433
16050000, 0, 0, 28985
16060000, 0, 0, 26401
16070000, 0, 0, 28967
16080000, 0, 0, 29175
16090000, 0, 0, 31948
16100000, 0, 0, 26161
16110000, 0, 0, 29464
16120000, 0, 0, 27634
16130000, 0, 0, 29209
16140000, 0, 0, 29792
16150000, 0, 0, 28307
16160000, 0, 0, 27374
16170000, 0, 0, 29546
16180000, 0, 0, 27505
16190000, 0, 0, 27059
16200000, 0, 0, 28377
16210000, 0, 0, 30591
16220000, 0, 0, 28330
16230000, 0, 0, 26296
16240000, 0, 0, 27573
16250000, 0, 0, 30397
16260000, 0, 0, 29730
16270000, 0, 0, 28732
16280000, 0, 0, 25036
16290000, 0, 0, 26955
16300000, 0, 0, 28512
16310000, 0, 0, 32867
16320000, 0, 0, 28662
16330000, 0, 0, 28334
16340000, 0, 0, 30304
16350000, 0, 0, 29422
16360000, 0, 0, 28896
16370000, 0, 0, 23791
16380000, 0, 0, 31331
16390000, 0, 0, 27034
16400000, 0, 0, 29184
16410000, 0, 0, 28471
16420000, 0, 0, 26669
16430000, 0, 0, 28121
16440000, 0, 0, 29187
16450000, 0, 0, 25769
16460000, 0, 0, 28358
16470000, 0, 0, 30066
16480000, 0, 0, 30168
16490000, 0, 0, 30307
16500000, 0, 0, 24161
16510000, 0, 0, 29709
16520000, 0, 0, 27434
16530000, 0, 0, 29560
16540000, 0, 0, 29369
16550000, 0, 0, 26204
16560000, 0, 0, 27659
16570000, 0, 0, 27922
16580000, 0, 0, 30942
16590000, 0, 0, 27164
16600000, 0, 0, 27266
16610000, 0, 0, 26311
16620000, 0, 0, 25312
16630000, 0, 0, 29690
16640000, 0, 0, 30256
16650000, 0, 0, 28835
16660000, 0, 0, 26937
16670000, 0, 0, 29156
16680000, 0, 0, 28793
16690000, 0, 0, 30459
16700000, 0, 0, 26237
16710000, 0, 0, 29333
16720000, 0, 0, 30869
16730000, 0, 0, 27222
16740000, 0, 0, 28781
16750000, 0, 0, 26812
16760000, 0, 0, 28535
16770000, 0, 0, 30630
16780000, 0, 0, 28170
16790000, 0, 0, 25533
16800000, 0, 0, 25741
16810000, 0, 0, 29338
16820000, 0, 0, 29288
16830000, 0, 0, 29787
16840000, 0, 0, 29508
16850000, 0, 0, 29910
16860000, 0, 0, 27562
16870000, 0, 0, 24491
16880000, 0, 0, 28723
16890000, 0, 0, 26778
16900000, 0, 0, 29741
16910000, 0, 0, 29211
16920000, 0, 0, 27015
16930000, 0, 0, 28844
16940000, 0, 0, 27189
16950000, 0, 0, 28770
16960000, 0, 0, 28370
16970000, 0, 0, 28861
16980000, 0, 0, 30434
16990000, 0, 0, 28680
17000000, 0, 0, 25901
17010000, 0, 0, 32943
17020000, 0, 0, 27303
17030000, 0, 0, 31171
17040000, 0, 0, 28966
17050000, 0, 0, 27328
17060000, 0, 0, 25957
17070000, 0, 0, 31933
17080000, 0, 0, 27599
17090000, 0, 0, 31346
17100000, 0, 0, 27341
17110000, 0, 0, 26119
17120000, 0, 0, 28202
17130000, 0, 0, 26782
17140000, 0, 0, 28147
17150000, 0, 0, 30413
17160000, 0, 0, 27868
17170000, 0, 0, 27270
17180000, 0, 0, 26151
17190000, 0, 0, 31261
17200000, 0, 0, 25513
17210000, 0, 0, 31231
17220000, 0, 0, 27193
17230000, 0, 0, 27708
17240000, 0, 0, 30516
17250000, 0, 0, 26329
17260000, 0, 0, 30105
17270000, 0, 0, 26364
17280000, 0, 0, 29004
17290000, 0, 0, 25435
17300000, 0, 0, 29150
17310000, 0, 0, 29454
17320000, 0, 0, 31375
17330000, 0, 0, 23561
17340000, 0, 0, 26535
17350000, 0, 0, 29326
17360000, 0, 0, 30040
17370000, 0, 0, 28922
17380000, 0, 0, 28090
17390000, 0, 0, 25946
17400000, 0, 0, 27639
17410000, 0, 0, 30922
17420000, 0, 0, 29479
17430000, 0, 0, 23783
17440000, 0, 0, 32604
17450000, 0, 0, 23871
17460000, 0, 0, 28714
17470000, 0, 0, 31274
17480000, 0, 0, 28637
17490000, 0, 0, 25630
17500000, 0, 0, 29733
17510000, 0, 0, 29395
17520000, 0, 0, 27226
17530000, 0, 0, 27116
17540000, 0, 0, 26985
17550000, 0, 0, 27683
17560000, 0, 0, 27338
17570000, 0, 0, 30373
17580000, 0, 0, 27992
17590000, 0, 0, 28819
17600000, 0, 0, 27663
17610000, 0, 0, 30885
17620000, 0, 0, 28219
17630000, 0, 0, 30375
17640000, 0, 0, 26064
17650000, 0, 0, 29207
17660000, 0, 0, 27182
17670000, 0, 0, 27754
17680000, 0, 0, 27270
17690000, 0, 0, 25654
17700000, 0, 0, 29105
17710000, 0, 0, 26525
17720000, 0, 0, 29875
17730000, 0, 0, 28779
17740000, 0, 0, 29949
17750000, 0, 0, 27769
17760000, 0, 0, 30725
17770000, 0, 0, 27446
17780000, 0, 0, 26300
17790000, 0, 0, 27542
17800000, 0, 0, 30005
17810000, 0, 0, 31121
17820000, 0, 0, 29148
17830000, 0, 0, 25944
17840000, 0, 0, 27929
17850000, 0, 0, 26242
17860000, 0, 0, 27044
17870000, 0, 0, 31646
17880000, 0, 0, 27018
17890000, 0, 0, 27537
17900000, 0, 0, 30943
17910000, 0, 0, 28636
17920000, 0, 0, 26114
17930000, 0, 0, 24572
17940000, 0, 0, 30779
17950000, 0, 0, 26143
17960000, 0, 0, 29793
17970000, 0, 0, 28470
17980000, 0, 0, 27950
17990000, 0, 0, 28215
18000000, 0, 0, 27140
18010000, 0, 0, 26599
18020000, 0, 0, 28182
18030000, 0, 0, 25625
18040000, 0, 0, 26609
18050000, 0, 0, 29854
18060000, 0, 0, 28291
18070000, 0, 0, 27324
18080000, 0, 0, 26611
18090000, 0, 0, 32904
18100000, 0, 0, 24154
18110000, 0, 0, 27235
18120000, 0, 0, 30676
18130000, 0, 0, 27902
18140000, 0, 0, 30628
18150000, 0, 0, 26670
18160000, 0, 0, 23588
18170000, 0, 0, 28999
18180000, 0, 0, 25594
18190000, 0, 0, 28629
18200000, 0, 0, 28536
18210000, 0, 0, 24539
18220000, 0, 0, 29482
18230000, 0, 0, 26748
18240000, 0, 0, 29735
18250000, 0, 0, 26863
18260000, 0, 0, 28716
18270000, 0, 0, 28224
18280000, 0, 0, 27929
18290000, 0, 0, 25615
18300000, 0, 0, 27996
18310000, 0, 0, 30706
18320000, 0, 0, 27221
18330000, 0, 0, 27016
18340000, 0, 0, 30907
18350000, 0, 0, 24692
18360000, 0, 0, 30411
18370000, 0, 0, 25256
18380000, 0, 0, 24053
18390000, 0, 0, 29817
18400000, 0, 0, 26926
18410000, 0, 0, 27755
18420000, 0, 0, 27614
18430000, 0, 0, 28687
18440000, 0, 0, 28688
18450000, 0, 0, 30339
18460000, 0, 0, 26677
18470000, 0, 0, 27967
18480000, 0, 0, 28060
18490000, 0, 0, 26621
18500000, 0, 0, 29086
18510000, 0, 0, 30745
18520000, 0, 0, 27161
18530000, 0, 0, 27198
18540000, 0, 0, 28398
18550000, 0, 0, 26484
18560000, 0, 0, 31243
18570000, 0, 0, 29375
18580000, 0, 0, 30313
18590000, 0, 0, 27646
18600000, 0, 0, 26624
18610000, 0, 0, 28948
18620000, 0, 0, 27747
18630000, 0, 0, 27045
18640000, 0, 0, 28366
18650000, 0, 0, 28337
18660000, 0, 0, 27434
18670000, 0, 0, 27185
18680000, 0, 0, 29766
18690000, 0, 0, 30038
18700000, 0, 0, 26618
18710000, 0, 0, 26059
18720000, 0, 0, 27719
18730000, 0, 0, 25295
18740000, 0, 0, 25765
18750000, 0, 0, 29432
18760000, 0, 0, 26694
18770000, 0, 0, 33238
18780000, 0, 0, 24777
18790000, 0, 0, 30995
18800000, 0, 0, 27297
18810000, 0, 0, 26488
18820000, 0, 0, 29814
18830000, 0, 0, 27645
18840000, 0, 0, 31210
18850000, 0, 0, 27790
18860000, 0, 0, 28950
18870000, 0, 0, 24474
18880000, 0, 0, 26312
18890000, 0, 0, 28736
18900000, 0, 0, 28830
18910000, 0, 0, 27062
18920000, 0, 0, 28021
18930000, 0, 0, 31574
18940000, 0, 0, 24375
18950000, 0, 0, 31490
18960000, 0, 0, 24756
18970000, 0, 0, 27920
18980000, 0, 0, 29939
18990000, 0, 0, 29458
19000000, 0, 0, 25081
19010000, 0, 0, 29760
19020000, 0, 0, 29782
19030000, 0, 0, 28419
19040000, 0, 0, 25473
19050000, 0, 0, 26477
19060000, 0, 0, 27897
19070000, 0, 0, 27970
19080000, 0, 0, 26556
19090000, 0, 0, 25959
19100000, 0, 0, 30413
19110000, 0, 0, 24465
19120000, 0, 0, 26401
19130000, 0, 0, 29866
19140000, 0, 0, 26893
19150000, 0, 0, 28420
19160000, 0, 0, 28479
19170000, 0, 0, 29401
19180000, 0, 0, 26952
19190000, 0, 0, 25534
19200000, 0, 0, 27736
19210000, 0, 0, 27702
19220000, 0, 0, 25705
19230000, 0, 0, 30746
19240000, 0, 0, 33607
19250000, 0, 0, 24065
19260000, 0, 0, 30362
19270000, 0, 0, 26860
19280000, 0, 0, 28794
19290000, 0, 0, 28199
19300000, 0, 0, 26079
19310000, 0, 0, 30484
19320000, 0, 0, 27646
19330000, 0, 0, 30504
19340000, 0, 0, 27042
19350000, 0, 0, 28531
19360000, 0, 0, 27817
19370000, 0, 0, 28696
19380000, 0, 0, 25401
19390000, 0, 0, 29347
19400000, 0, 0, 28240
19410000, 0, 0, 27433
19420000, 0, 0, 26826
19430000, 0, 0, 26317
19440000, 0, 0, 28410
19450000, 0, 0, 29301
19460000, 0, 0, 26328
19470000, 0, 0, 26412
19480000, 0, 0, 27664
19490000, 0, 0, 25446
19500000, 0, 0, 29362
19510000, 0, 0, 26172
19520000, 0, 0, 30141
19530000, 0, 0, 31201
19540000, 0, 0, 25106
19550000, 0, 0, 29057
19560000, 0, 0, 26087
19570000, 0, 0, 28101
19580000, 0, 0, 26547
19590000, 0, 0, 29420
19600000, 0, 0, 29467
19610000, 0, 0, 28465
19620000, 0, 0, 26190
19630000, 0, 0, 27421
19640000, 0, 0, 27365
19650000, 0, 0, 28182
19660000, 0, 0, 29649
19670000, 0, 0, 27701
19680000, 0, 0, 27411
19690000, 0, 0, 28298
19700000, 0, 0, 29886
19710000, 0, 0, 28471
19720000, 0, 0, 28135
19730000, 0, 0, 29414
19740000, 0, 0, 26123
19750000, 0, 0, 26901
19760000, 0, 0, 30544
19770000, 0, 0, 30541
19780000, 0, 0, 26352
19790000, 0, 0, 26693
19800000, 0, 0, 30476
19810000, 0, 0, 24231
19820000, 0, 0, 24507
19830000, 0, 0, 31169
19840000, 0, 0, 27749
19850000, 0, 0, 28978
19860000, 0, 0, 28715
19870000, 0, 0, 26886
19880000, 0, 0, 25719
19890000, 0, 0, 33233
19900000, 0, 0, 28918
19910000, 0, 0, 27579
19920000, 0, 0, 28990
19930000, 0, 0, 28522
19940000, 0, 0, 26213
19950000, 0, 0, 28975
19960000, 0, 0, 28330
19970000, 0, 0, 26511
19980000, 0, 0, 30070
19990000, 0, 0, 25633
20000000, 0, 0, 27077
20010000, 0, 0, 26783
20020000, 0, 0, 28321
20030000, 0, 0, 27278
20040000, 0, 0, 30587
20050000, 0, 0, 28196
20060000, 0, 0, 26696
20070000, 0, 0, 27474
20080000, 0, 0, 28247
20090000, 0, 0, 26452
20100000, 0, 0, 25914
20110000, 0, 0, 28774
20120000, 0, 0, 29149
20130000, 0, 0, 31641
20140000, 0, 0, 25223
20150000, 0, 0, 26438
20160000, 0, 0, 28567
20170000, 0, 0, 28330
20180000, 0, 0, 27469
20190000, 0, 0, 28763
20200000, 0, 0, 27998
20210000, 0, 0, 27263
20220000, 0, 0, 29026
20230000, 0, 0, 27212
20240000, 0, 0, 28344
20250000, 0, 0, 25581
20260000, 0, 0, 26883
20270000, 0, 0, 28003
20280000, 0, 0, 33421
20290000, 0, 0, 23793
20300000, 0, 0, 29666
20310000, 0, 0, 29189
20320000, 0, 0, 28009
20330000, 0, 0, 25575
20340000, 0, 0, 30936
20350000, 0, 0, 29537
20360000, 0, 0, 28096
20370000, 0, 0, 26942
20380000, 0, 0, 27104
20390000, 0, 0, 29093
20400000, 0, 0, 26733
20410000, 0, 0, 27327
20420000, 0, 0, 27252
20430000, 0, 0, 29295
20440000, 0, 0, 30231
20450000, 0, 0, 28413
20460000, 0, 0, 24679
20470000, 0, 0, 27936
20480000, 0, 0, 26560
20490000, 0, 0, 30500
20500000, 0, 0, 25165
20510000, 0, 0, 24939
20520000, 0, 0, 32410
20530000, 0, 0, 26308
20540000, 0, 0, 26278
20550000, 0, 0, 28556
20560000, 0, 0, 30964
20570000, 0, 0, 23824
20580000, 0, 0, 26718
20590000, 0, 0, 29715
20600000, 0, 0, 24006
20610000, 0, 0, 27699
20620000, 0, 0, 29806
20630000, 0, 0, 26441
20640000, 0, 0, 28690
20650000, 0, 0, 29381
20660000, 0, 0, 28315
20670000, 0, 0, 25299
20680000, 0, 0, 28369
20690000, 0, 0, 26095
20700000, 0, 0, 26947
20710000, 0, 0, 32456
20720000, 0, 0, 27540
20730000, 0, 0, 29015
20740000, 0, 0, 31088
20750000, 0, 0, 27639
20760000, 0, 0, 26158
20770000, 0, 0, 33177
20780000, 0, 0, 29772
20790000, 0, 0, 25659
20800000, 0, 0, 24925
20810000, 0, 0, 30030
20820000, 0, 0, 28656
20830000, 0, 0, 29340
20840000, 0, 0, 29847
20850000, 0, 0, 30213
20860000, 0, 0, 29832
20870000, 0, 0, 26378
20880000, 0, 0, 31669
20890000, 0, 0, 28080
20900000, 0, 0, 28144
20910000, 0, 0, 26876
20920000, 0, 0, 28203
20930000, 0, 0, 29303
20940000, 0, 0, 27613
20950000, 0, 0, 27456
20960000, 0, 0, 27443
20970000, 0, 0, 28359
20980000, 0, 0, 26564
20990000, 0, 0, 29058
21000000, 0, 0, 27984
21010000, 0, 0, 25235
21020000, 0, 0, 30709
21030000, 0, 0, 28019
21040000, 0, 0, 30328
21050000, 0, 0, 29039
21060000, 0, 0, 28829
21070000, 0, 0, 30933
21080000, 0, 0, 27947
21090000, 0, 0, 27703
21100000, 0, 0, 27193
21110000, 0, 0, 26259
21120000, 0, 0, 31180
21130000, 0, 0, 27108
21140000, 0, 0, 27377
21150000, 0, 0, 28637
21160000, 0, 0, 30631
21170000, 0, 0, 28175
21180000, 0, 0, 27834
21190000, 0, 0, 30817
21200000, 0, 0, 30253
21210000, 0, 0, 26930
21220000, 0, 0, 26302
21230000, 0, 0, 28915
21240000, 0, 0, 29181
21250000, 0, 0, 29489
21260000, 0, 0, 29714
21270000, 0, 0, 28926
21280000, 0, 0, 27791
21290000, 0, 0, 26902
21300000, 0, 0, 29308
21310000, 0, 0, 26390
21320000, 0, 0, 30606
21330000, 0, 0, 32985
21340000, 0, 0, 25348
21350000, 0, 0, 29008
21360000, 0, 0, 33434
21370000, 0, 0, 25754
21380000, 0, 0, 25738
21390000, 0, 0, 30807
21400000, 0, 0, 28730
21410000, 0, 0, 28485
21420000, 0, 0, 32550
21430000, 0, 0, 25845
21440000, 0, 0, 30544
21450000, 0, 0, 27483
21460000, 0, 0, 27894
21470000, 0, 0, 29631
21480000, 0, 0, 28296
21490000, 0, 0, 29253
21500000, 0, 0, 24809
21510000, 0, 0, 29552
21520000, 0, 0, 27701
21530000, 0, 0, 27953
21540000, 0, 0, 31382
21550000, 0, 0, 25758
21560000, 0, 0, 31619
21570000, 0, 0, 26131
21580000, 0, 0, 28477
21590000, 0, 0, 28339
21600000, 0, 0, 29281
21610000, 0, 0, 27713
21620000, 0, 0, 29715
21630000, 0, 0, 31909
21640000, 0, 0, 25861
21650000, 0, 0, 32587
21660000, 0, 0, 27498
21670000, 0, 0, 30124
21680000, 0, 0, 30182
21690000, 0, 0, 26933
21700000, 0, 0, 26191
21710000, 0, 0, 30169
21720000, 0, 0, 30214
21730000, 0, 0, 24785
21740000, 0, 0, 30432
21750000, 0, 0, 30501
21760000, 0, 0, 29546
21770000, 0, 0, 25361
21780000, 0, 0, 27711
21790000, 0, 0, 26236
21800000, 0, 0, 28516
21810000, 0, 0, 26374
21820000, 0, 0, 29824
21830000, 0, 0, 28193
21840000, 0, 0, 30557
21850000, 0, 0, 26848
21860000, 0, 0, 26916
21870000, 0, 0, 27989
21880000, 0, 0, 28563
21890000, 0, 0, 25096
21900000, 0, 0, 31267
21910000, 0, 0, 29179
21920000, 0, 0, 27396
21930000, 0, 0, 30055
21940000, 0, 0, 28088
21950000, 0, 0, 28863
21960000, 0, 0, 27056
21970000, 0, 0, 30017
21980000, 0, 0, 29205
21990000, 0, 0, 27358
22000000, 0, 0, 29555
22010000, 0, 0, 28824
22020000, 0, 0, 28234
22030000, 0, 0, 30529
22040000, 0, 0, 27347
22050000, 0, 0, 31525
22060000, 0, 0, 28019
22070000, 0, 0, 29166
22080000, 0, 0, 30034
22090000, 0, 0, 29772
22100000, 0, 0, 24923
22110000, 0, 0, 27828
22120000, 0, 0, 27894
22130000, 0, 0, 31378
22140000, 0, 0, 22189
22150000, 0, 0, 32421
22160000, 0, 0, 25857
22170000, 0, 0, 28278
22180000, 0, 0, 34137
22190000, 0, 0, 27777
22200000, 0, 0, 28063
22210000, 0, 0, 27997
22220000, 0, 0, 27306
22230000, 0, 0, 29951
22240000, 0, 0, 28360
22250000, 0, 0, 30357
22260000, 0, 0, 27826
22270000, 0, 0, 29839
22280000, 0, 0, 30465
22290000, 0, 0, 27123
22300000, 0, 0, 28962
22310000, 0, 0, 29556
22320000, 0, 0, 29785
22330000, 0, 0, 28683
22340000, 0, 0, 29938
22350000, 0, 0, 26757
22360000, 0, 0, 29392
22370000, 0, 0, 28137
22380000, 0, 0, 27716
22390000, 0, 0, 30740
22400000, 0, 0, 28605
22410000, 0, 0, 28639
22420000, 0, 0, 31358
22430000, 0, 0, 32674
22440000, 0, 0, 29061
22450000, 0, 0, 27252
22460000, 0, 0, 29872
22470000, 0, 0, 32775
22480000, 0, 0, 30190
22490000, 0, 0, 25515
22500000, 0, 0, 31225
22510000, 0, 0, 26316
22520000, 0, 0, 26775
22530000, 0, 0, 29332
22540000, 0, 0, 27875
22550000, 0, 0, 29255
22560000, 0, 0, 28638
22570000, 0, 0, 29541
22580000, 0, 0, 28892
22590000, 0, 0, 32322
22600000, 0, 0, 26950
22610000, 0, 0, 27855
22620000, 0, 0, 26936
22630000, 0, 0, 31014
22640000, 0, 0, 29920
22650000, 0, 0, 28292
22660000, 0, 0, 27962
22670000, 0, 0, 32694
22680000, 0, 0, 28180
22690000, 0, 0, 28999
22700000, 0, 0, 29046
22710000, 0, 0, 30983
22720000, 0, 0, 26455
22730000, 0, 0, 32193
22740000, 0, 0, 29016
22750000, 0, 0, 28921
22760000, 0, 0, 28756
22770000, 0, 0, 32004
22780000, 0, 0, 30342
22790000, 0, 0, 29151
22800000, 0, 0, 26182
22810000, 0, 0, 33421
22820000, 0, 0, 27358
22830000, 0, 0, 27519
22840000, 0, 0, 30869
22850000, 0, 0, 31130
22860000, 0, 0, 27126
22870000, 0, 0, 31468
22880000, 0, 0, 28263
22890000, 0, 0, 30063
22900000, 0, 0, 29056
22910000, 0, 0, 29137
22920000, 0, 0, 28444
22930000, 0, 0, 29592
22940000, 0, 0, 29745
22950000, 0, 0, 29080
22960000, 0, 0, 29254
22970000, 0, 0, 26701
22980000, 0, 0, 28735
22990000, 0, 0, 31994
23000000, 0, 0, 31137
23010000, 0, 0, 29245
23020000, 0, 0, 28772
23030000, 0, 0, 31603
23040000, 0, 0, 28463
23050000, 0, 0, 27292
23060000, 0, 0, 33444
23070000, 0, 0, 29788
23080000, 0, 0, 30173
23090000, 0, 0, 26693
23100000, 0, 0, 31134
23110000, 0, 0, 29663
23120000, 0, 0, 29857
23130000, 0, 0, 30700
23140000, 0, 0, 29675
23150000, 0, 0, 34114
23160000, 0, 0, 30107
23170000, 0, 0, 29623
23180000, 0, 0, 28589
23190000, 0, 0, 32144
23200000, 0, 0, 29465
23210000, 0, 0, 28330
23220000, 0, 0, 31548
23230000, 0, 0, 28882
23240000, 0, 0, 34776
23250000, 0, 0, 27607
23260000, 0, 0, 32564
23270000, 0, 0, 29469
23280000, 0, 0, 27269
23290000, 0, 0, 31835
23300000, 0, 0, 31848
23310000, 0, 0, 29482
23320000, 0, 0, 29426
23330000, 0, 0, 28550
23340000, 0, 0, 29988
23350000, 0, 0, 31351
23360000, 0, 0, 33024
23370000, 0, 0, 26155
23380000, 0, 0, 30092
23390000, 0, 0, 28398
23400000, 0, 0, 31357
23410000, 0, 0, 28720
23420000, 0, 0, 31168
23430000, 0, 0, 30182
23440000, 0, 0, 28190
23450000, 0, 0, 30085
23460000, 0, 0, 31139
23470000, 0, 0, 29544
23480000, 0, 0, 29878
23490000, 0, 0, 28134
23500000, 0, 0, 30312
23510000, 0, 0, 28595
23520000, 0, 0, 32927
23530000, 0, 0, 26502
23540000, 0, 0, 35422
23550000, 0, 0, 31024
23560000, 0, 0, 30499
23570000, 0, 0, 33592
23580000, 0, 0, 24862
23590000, 0, 0, 32293
23600000, 0, 0, 32357
23610000, 0, 0, 33091
23620000, 0, 0, 32760
23630000, 0, 0, 31786
23640000, 0, 0, 29029
23650000, 0, 0, 34244
23660000, 0, 0, 30538
23670000, 0, 0, 29773
23680000, 0, 0, 31657
23690000, 0, 0, 30046
23700000, 0, 0, 29683
23710000, 0, 0, 35672
23720000, 0, 0, 31727
23730000, 0, 0, 32178
23740000, 0, 0, 31926
23750000, 0, 0, 30298
23760000, 0, 0, 28026
23770000, 0, 0, 32359
23780000, 0, 0, 30162
23790000, 0, 0, 33209
23800000, 0, 0, 28858
23810000, 0, 0, 33325
23820000, 0, 0, 28012
23830000, 0, 0, 32459
23840000, 0, 0, 29667
23850000, 0, 0, 32310
23860000, 0, 0, 33601
23870000, 0, 0, 32884
23880000, 0, 0, 29692
23890000, 0, 0, 27977
23900000, 0, 0, 29640
23910000, 0, 0, 32512
23920000, 0, 0, 31501
23930000, 0, 0, 31319
23940000, 0, 0, 28288
23950000, 0, 0, 29761
23960000, 0, 0, 30762
23970000, 0, 0, 31887
23980000, 0, 0, 32059
23990000, 0, 0, 33001
24000000, 0, 0, 31543
24010000, 0, 0, 29521
24020000, 0, 0, 33621
24030000, 0, 0, 31253
24040000, 0, 0, 30646
24050000, 0, 0, 30240
24060000, 0, 0, 34931
24070000, 0, 0, 32020
24080000, 0, 0, 33015
24090000, 0, 0, 32757
24100000, 0, 0, 29054
24110000, 0, 0, 34002
24120000, 0, 0, 28812
24130000, 0, 0, 31856
24140000, 0, 0, 31868
24150000, 0, 0, 33236
24160000, 0, 0, 30476
24170000, 0, 0, 32884
24180000, 0, 0, 31046
24190000, 0, 0, 32107
24200000, 0, 0, 28755
24210000, 0, 0, 34413
24220000, 0, 0, 33624
24230000, 0, 0, 29012
24240000, 0, 0, 31421
24250000, 0, 0, 30202
24260000, 0, 0, 31713
24270000, 0, 0, 31889
24280000, 0, 0, 31534
24290000, 0, 0, 30226
24300000, 0, 0, 33652
24310000, 0, 0, 30441
24320000, 0, 0, 33545
24330000, 0, 0, 29262
24340000, 0, 0, 35806
24350000, 0, 0, 32742
24360000, 0, 0, 28805
24370000, 0, 0, 30005
24380000, 0, 0, 34380
24390000, 0, 0, 32702
24400000, 0, 0, 30321
24410000, 0, 0, 36700
24420000, 0, 0, 31154
24430000, 0, 0, 31576
24440000, 0, 0, 29608
24450000, 0, 0, 33224
24460000, 0, 0, 30149
24470000, 0, 0, 32067
24480000, 0, 0, 33011
24490000, 0, 0, 30737
24500000, 0, 0, 33136
24510000, 0, 0, 30498
24520000, 0, 0, 33743
24530000, 0, 0, 29220
24540000, 0, 0, 34157
24550000, 0, 0, 31876
24560000, 0, 0, 32737
24570000, 0, 0, 33639
24580000, 0, 0, 32623
24590000, 0, 0, 30560
24600000, 0, 0, 29184
24610000, 0, 0, 32247
24620000, 0, 0, 35084
24630000, 0, 0, 35011
24640000, 0, 0, 31015
24650000, 0, 0, 32934
24660000, 0, 0, 31156
24670000, 0, 0, 30571
24680000, 0, 0, 33163
24690000, 0, 0, 31016
24700000, 0, 0, 32376
24710000, 0, 0, 32445
24720000, 0, 0, 36440
24730000, 0, 0, 29539
24740000, 0, 0, 31262
24750000, 0, 0, 38442
24760000, 0, 0, 31750
24770000, 0, 0, 37938
24780000, 0, 0, 28810
24790000, 0, 0, 31529
24800000, 0, 0, 36185
24810000, 0, 0, 33432
24820000, 0, 0, 34432
24830000, 0, 0, 35473
24840000, 0, 0, 29675
24850000, 0, 0, 29517
24860000, 0, 0, 35832
24870000, 0, 0, 35939
24880000, 0, 0, 32146
24890000, 0, 0, 35123
24900000, 0, 0, 30667
24910000, 0, 0, 35092
24920000, 0, 0, 27974
24930000, 0, 0, 31416
24940000, 0, 0, 33889
24950000, 0, 0, 31283
24960000, 0, 0, 33816
24970000, 0, 0, 29303
24980000, 0, 0, 39129
24990000, 0, 0, 29026
25000000, 0, 0, 35080
25010000, 0, 0, 33895
25020000, 0, 0, 32425
25030000, 0, 0, 31040
25040000, 0, 0, 34162
25050000, 0, 0, 28952
25060000, 0, 0, 35701
25070000, 0, 0, 34521
25080000, 0, 0, 35403
25090000, 0, 0, 31119
25100000, 0, 0, 36313
25110000, 0, 0, 34032
25120000, 0, 0, 35756
25130000, 0, 0, 31968
25140000, 0, 0, 34611
25150000, 0, 0, 31079
25160000, 0, 0, 29952
25170000, 0, 0, 36805
25180000, 0, 0, 33449
25190000, 0, 0, 34078
25200000, 0, 0, 33515
25210000, 0, 0, 31726
25220000, 0, 0, 36174
25230000, 0, 0, 32400
25240000, 0, 0, 30491
25250000, 0, 0, 42658
25260000, 0, 0, 30229
25270000, 0, 0, 32180
25280000, 0, 0, 35704
25290000, 0, 0, 31834
25300000, 0, 0, 33969
25310000, 0, 0, 36628
25320000, 0, 0, 31980
25330000, 0, 0, 34777
25340000, 0, 0, 34388
25350000, 0, 0, 32520
25360000, 0, 0, 34193
25370000, 0, 0, 34327
25380000, 0, 0, 37925
25390000, 0, 0, 31992
25400000, 0, 0, 37464
25410000, 0, 0, 33875
25420000, 0, 0, 30895
25430000, 0, 0, 34391
25440000, 0, 0, 32766
25450000, 0, 0, 35997
25460000, 0, 0, 33547
25470000, 0, 0, 34065
25480000, 0, 0, 38909
25490000, 0, 0, 35751
25500000, 0, 0, 34731
25510000, 0, 0, 32631
25520000, 0, 0, 32356
25530000, 0, 0, 36188
25540000, 0, 0, 29566
25550000, 0, 0, 35158
25560000, 0, 0, 33102
25570000, 0, 0, 35840
25580000, 0, 0, 34332
25590000, 0, 0, 35916
25600000, 0, 0, 31896
25610000, 0, 0, 33109
25620000, 0, 0, 35480
25630000, 0, 0, 37439
25640000, 0, 0, 58035
25650000, 0, 0, 34314
25660000, 0, 0, 36386
25670000, 0, 0, 36955
25680000, 0, 0, 31911
25690000, 0, 0, 37280
25700000, 0, 0, 34924
25710000, 0, 0, 31122
25720000, 0, 0, 37688
25730000, 0, 0, 31939
25740000, 0, 0, 33591
25750000, 0, 0, 39493
25760000, 0, 0, 32521
25770000, 0, 0, 34138
25780000, 0, 0, 33221
25790000, 0, 0, 35562
25800000, 0, 0, 38682
25810000, 0, 0, 33485
25820000, 0, 0, 36394
25830000, 0, 0, 37798
25840000, 0, 0, 33403
25850000, 0, 0, 37625
25860000, 0, 0, 34986
25870000, 0, 0, 32656
25880000, 0, 0, 32704
25890000, 0, 0, 38153
25900000, 0, 0, 37795
25910000, 0, 0, 36969
25920000, 0, 0, 30151
25930000, 0, 0, 35184
25940000, 0, 0, 34253
25950000, 0, 0, 32947
25960000, 0, 0, 41659
25970000, 0, 0, 27479
25980000, 0, 0, 36561
25990000, 0, 0, 32139
26000000, 0, 0, 35002
26010000, 0, 0, 38966
26020000, 0, 0, 34769
26030000, 0, 0, 36994
26040000, 0, 0, 38096
26050000, 0, 0, 36061
26060000, 0, 0, 36345
26070000, 0, 0, 30442
26080000, 0, 0, 33939
26090000, 0, 0, 35166
26100000, 0, 0, 37599
26110000, 0, 0, 37672
26120000, 0, 0, 34127
26130000, 0, 0, 34139
26140000, 0, 0, 38508
26150000, 0, 0, 40805
26160000, 0, 0, 38482
26170000, 0, 0, 31760
26180000, 0, 0, 36159
26190000, 0, 0, 36697
26200000, 0, 0, 36237
26210000, 0, 0, 36587
26220000, 0, 0, 35043
26230000, 0, 0, 34375
26240000, 0, 0, 36015
26250000, 0, 0, 36989
26260000, 0, 0, 33041
26270000, 0, 0, 33549
26280000, 0, 0, 39442
26290000, 0, 0, 36128
26300000, 0, 0, 35214
26310000, 0, 0, 34056
26320000, 0, 0, 34900
26330000, 0, 0, 35705
26340000, 0, 0, 34769
26350000, 0, 0, 33712
26360000, 0, 0, 37487
26370000, 0, 0, 33887
26380000, 0, 0, 35434
26390000, 0, 0, 36730
26400000, 0, 0, 34740
26410000, 0, 0, 38636
26420000, 0, 0, 33342
26430000, 0, 0, 38042
26440000, 0, 0, 37441
26450000, 0, 0, 35897
26460000, 0, 0, 31579
26470000, 0, 0, 37165
26480000, 0, 0, 38893
26490000, 0, 0, 37743
26500000, 0, 0, 36667
26510000, 0, 0, 35664
26520000, 0, 0, 33964
26530000, 0, 0, 34798
26540000, 0, 0, 35857
26550000, 0, 0, 36001
26560000, 0, 0, 34771
26570000, 0, 0, 38385
26580000, 0, 0, 35055
26590000, 0, 0, 42457
26600000, 0, 0, 34836
26610000, 0, 0, 40958
26620000, 0, 0, 36455
26630000, 0, 0, 35880
26640000, 0, 0, 37875
26650000, 0, 0, 36769
26660000, 0, 0, 37468
26670000, 0, 0, 38024
26680000, 0, 0, 38775
26690000, 0, 0, 30277
26700000, 0, 0, 36139
26710000, 0, 0, 36299
26720000, 0, 0, 32577
26730000, 0, 0, 37652
26740000, 0, 0, 34310
26750000, 0, 0, 38155
26760000, 0, 0, 32110
26770000, 0, 0, 39188
26780000, 0, 0, 35578
26790000, 0, 0, 38684
26800000, 0, 0, 33162
26810000, 0, 0, 35061
26820000, 0, 0, 38597
26830000, 0, 0, 41152
26840000, 0, 0, 36332
26850000, 0, 0, 37514
26860000, 0, 0, 36696
26870000, 0, 0, 34978
26880000, 0, 0, 35788
26890000, 0, 0, 40189
26900000, 0, 0, 33989
26910000, 0, 0, 37127
26920000, 0, 0, 35780
26930000, 0, 0, 36040
26940000, 0, 0, 37952
26950000, 0, 0, 33024
26960000, 0, 0, 40765
26970000, 0, 0, 33864
26980000, 0, 0, 42430
26990000, 0, 0, 34215
27000000, 0, 0, 34978
27010000, 0, 0, 38499
27020000, 0, 0, 38377
27030000, 0, 0, 36232
27040000, 0, 0, 35116
27050000, 0, 0, 36387
27060000, 0, 0, 37872
27070000, 0, 0, 38237
27080000, 0, 0, 36601
27090000, 0, 0, 38675
27100000, 0, 0, 37790
27110000, 0, 0, 37538
27120000, 0, 0, 31647
27130000, 0, 0, 40617
27140000, 0, 0, 35031
27150000, 0, 0, 40051
27160000, 0, 0, 35645
27170000, 0, 0, 35761
27180000, 0, 0, 35606
27190000, 0, 0, 44803
27200000, 0, 0, 38622
27210000, 0, 0, 36807
27220000, 0, 0, 41792
27230000, 0, 0, 40188
27240000, 0, 0, 35485
27250000, 0, 0, 38769
27260000, 0, 0, 38023
27270000, 0, 0, 41266
27280000, 0, 0, 36221
27290000, 0, 0, 39025
27300000, 0, 0, 36299
27310000, 0, 0, 37601
27320000, 0, 0, 36694
27330000, 0, 0, 37744
27340000, 0, 0, 37061
27350000, 0, 0, 42102
27360000, 0, 0, 38352
27370000, 0, 0, 38645
27380000, 0, 0, 39174
27390000, 0, 0, 35077
27400000, 0, 0, 38251
27410000, 0, 0, 38469
27420000, 0, 0, 39693
27430000, 0, 0, 35368
27440000, 0, 0, 36899
27450000, 0, 0, 40290
27460000, 0, 0, 41068
27470000, 0, 0, 41811
27480000, 0, 0, 34118
27490000, 0, 0, 42145
27500000, 0, 0, 34191
27510000, 0, 0, 38100
27520000, 0, 0, 42049
27530000, 0, 0, 38499
27540000, 0, 0, 35941
27550000, 0, 0, 38195
27560000, 0, 0, 41768
27570000, 0, 0, 39166
27580000, 0, 0, 36491
27590000, 0, 0, 37210
27600000, 0, 0, 41444
27610000, 0, 0, 35477
27620000, 0, 0, 42705
27630000, 0, 0, 37948
27640000, 0, 0, 39899
27650000, 0, 0, 40023
27660000, 0, 0, 36166
27670000, 0, 0, 39913
27680000, 0, 0, 38924
27690000, 0, 0, 39627
27700000, 0, 0, 39297
27710000, 0, 0, 40930
27720000, 0, 0, 37464
27730000, 0, 0, 40092
27740000, 0, 0, 36519
27750000, 0, 0, 39451
27760000, 0, 0, 38361
27770000, 0, 0, 38134
27780000, 0, 0, 41999
27790000, 0, 0, 36741
27800000, 0, 0, 38986
27810000, 0, 0, 43718
27820000, 0, 0, 46305
27830000, 0, 0, 39738
27840000, 0, 0, 37111
27850000, 0, 0, 40874
27860000, 0, 0, 35874
27870000, 0, 0, 40749
27880000, 0, 0, 41611
27890000, 0, 0, 34863
27900000, 0, 0, 39477
27910000, 0, 0, 40697
27920000, 0, 0, 38600
27930000, 0, 0, 36467
27940000, 0, 0, 41960
27950000, 0, 0, 38723
27960000, 0, 0, 41452
27970000, 0, 0, 38508
27980000, 0, 0, 42457
27990000, 0, 0, 35303
28000000, 0, 0, 46317
28010000, 0, 0, 37140
28020000, 0, 0, 39943
28030000, 0, 0, 38339
28040000, 0, 0, 36538
28050000, 0, 0, 42147
28060000, 0, 0, 41697
28070000, 0, 0, 36139
28080000, 0, 0, 43577
28090000, 0, 0, 37598
28100000, 0, 0, 43529
28110000, 0, 0, 39580
28120000, 0, 0, 38828
28130000, 0, 0, 41953
28140000, 0, 0, 37147
28150000, 0, 0, 43255
28160000, 0, 0, 33733
28170000, 0, 0, 40660
28180000, 0, 0, 39209
28190000, 0, 0, 37917
28200000, 0, 0, 37680
28210000, 0, 0, 41114
28220000, 0, 0, 40678
28230000, 0, 0, 37980
28240000, 0, 0, 43362
28250000, 0, 0, 34172
28260000, 0, 0, 40852
28270000, 0, 0, 41690
28280000, 0, 0, 40721
28290000, 0, 0, 37381
28300000, 0, 0, 37040
28310000, 0, 0, 47991
28320000, 0, 0, 39452
28330000, 0, 0, 40112
28340000, 0, 0, 41208
28350000, 0, 0, 39646
28360000, 0, 0, 43400
28370000, 0, 0, 41145
28380000, 0, 0, 42904
28390000, 0, 0, 39787
28400000, 0, 0, 39598
28410000, 0, 0, 44416
28420000, 0, 0, 36969
28430000, 0, 0, 39639
28440000, 0, 0, 38386
28450000, 0, 0, 41744
28460000, 0, 0, 40457
28470000, 0, 0, 38848
28480000, 0, 0, 41453
28490000, 0, 0, 38968
28500000, 0, 0, 37670
28510000, 0, 0, 40427
28520000, 0, 0, 42959
28530000, 0, 0, 39298
28540000, 0, 0, 40589
28550000, 0, 0, 39437
28560000, 0, 0, 40877
28570000, 0, 0, 41060
28580000, 0, 0, 39001
28590000, 0, 0, 43840
28600000, 0, 0, 36116
28610000, 0, 0, 39613
28620000, 0, 0, 43234
28630000, 0, 0, 40988
28640000, 0, 0, 40098
28650000, 0, 0, 40735
28660000, 0, 0, 43352
28670000, 0, 0, 36250
28680000, 0, 0, 42189
28690000, 0, 0, 41404
28700000, 0, 0, 39716
28710000, 0, 0, 35787
28720000, 0, 0, 42752
28730000, 0, 0, 40484
28740000, 0, 0, 41767
28750000, 0, 0, 36134
28760000, 0, 0, 40718
28770000, 0, 0, 41993
28780000, 0, 0, 37908
28790000, 0, 0, 34673
28800000, 0, 0, 48760
28810000, 0, 0, 37061
28820000, 0, 0, 47022
28830000, 0, 0, 37606
28840000, 0, 0, 37993
28850000, 0, 0, 38526
28860000, 0, 0, 39501
28870000, 0, 0, 40211
28880000, 0, 0, 42955
28890000, 0, 0, 43238
28900000, 0, 0, 39741
28910000, 0, 0, 37481
28920000, 0, 0, 37338
28930000, 0, 0, 43157
28940000, 0, 0, 40977
28950000, 0, 0, 35442
28960000, 0, 0, 41253
28970000, 0, 0, 42093
28980000, 0, 0, 41562
28990000, 0, 0, 42236
29000000, 0, 0, 39975
29010000, 0, 0, 42057
29020000, 0, 0, 38401
29030000, 0, 0, 38076
29040000, 0, 0, 43777
29050000, 0, 0, 44258
29060000, 0, 0, 38867
29070000, 0, 0, 46162
29080000, 0, 0, 41842
29090000, 0, 0, 41726
29100000, 0, 0, 39939
29110000, 0, 0, 39885
