fs, files, files.sec

ext4,
ext4, 10000, 125.315725
ext4, 20000, 102.560516
ext4, 30000, 137.808460
ext4, 40000, 160.370376
ext4, 50000, 160.168134
ext4, 60000, 131.383245
ext4, 70000, 153.280284
ext4, 80000, 143.893233
ext4, 90000, 161.879131
ext4, 100000, 145.517448
ext4, 110000, 152.407440
ext4, 120000, 151.906821
ext4, 130000, 146.124324
ext4, 140000, 146.816005
ext4, 150000, 157.302768
ext4, 160000, 147.647817
ext4, 170000, 148.472889
ext4, 180000, 152.537160
ext4, 190000, 147.818047
ext4, 200000, 148.678981
ext4, 210000, 149.668166
ext4, 220000, 153.440223
ext4, 230000, 147.052477
ext4, 240000, 147.436138
ext4, 250000, 151.473284
ext4, 260000, 154.487441
ext4, 270000, 150.847832
ext4, 280000, 145.933636
ext4, 290000, 148.639132
ext4, 300000, 153.744863
ext4, 310000, 152.455328
ext4, 320000, 145.597733
ext4, 330000, 148.718782
ext4, 340000, 153.224192
ext4, 350000, 155.572918
ext4, 360000, 147.978597
ext4, 370000, 152.088993
ext4, 380000, 152.127265
ext4, 390000, 154.058928
ext4, 400000, 148.908711
ext4, 410000, 150.736656
ext4, 420000, 152.645898
ext4, 430000, 152.403785
ext4, 440000, 147.419732
ext4, 450000, 150.769643
ext4, 460000, 151.485210
ext4, 470000, 154.753133
ext4, 480000, 150.211518
ext4, 490000, 150.461469
ext4, 500000, 150.408688
ext4, 510000, 153.416826
ext4, 520000, 150.326084
ext4, 530000, 150.628044
ext4, 540000, 153.469022
ext4, 550000, 152.238645
ext4, 560000, 151.499241
ext4, 570000, 149.951744
ext4, 580000, 151.509333
ext4, 590000, 152.972168
ext4, 600000, 151.540870
ext4, 610000, 152.585470
ext4, 620000, 154.404299
ext4, 630000, 156.009856
ext4, 640000, 158.256656
ext4, 650000, 156.985680
ext4, 660000, 159.384794
ext4, 670000, 157.038121
ext4, 680000, 158.255038
ext4, 690000, 156.957925
ext4, 700000, 158.041150
ext4, 710000, 155.828171
ext4, 720000, 158.022391
ext4, 730000, 155.795775
ext4, 740000, 157.929841
ext4, 750000, 155.870945
ext4, 760000, 157.949161
ext4, 770000, 155.774104
ext4, 780000, 157.797011
ext4, 790000, 155.773364
ext4, 800000, 156.751121
ext4, 810000, 155.687440
ext4, 820000, 156.662779
ext4, 830000, 154.952752
ext4, 840000, 156.819443
ext4, 850000, 155.087627
ext4, 860000, 156.912175
ext4, 870000, 155.037987
ext4, 880000, 156.819818
ext4, 890000, 155.376405
ext4, 900000, 156.255153
ext4, 910000, 155.370747
ext4, 920000, 156.486854
ext4, 930000, 155.153056
ext4, 940000, 156.821077
ext4, 950000, 156.191090
ext4, 960000, 157.056273
ext4, 970000, 155.401767
ext4, 980000, 157.003029
ext4, 990000, 155.455829
ext4, 1000000, 156.238675
ext4, 1010000, 155.499919
ext4, 1020000, 156.208340
ext4, 1030000, 155.665765
ext4, 1040000, 156.445632
ext4, 1050000, 155.746120
ext4, 1060000, 156.537833
ext4, 1070000, 155.015757
ext4, 1080000, 156.463983
ext4, 1090000, 155.624877
ext4, 1100000, 155.608841
ext4, 1110000, 154.823467
ext4, 1120000, 155.545979
ext4, 1130000, 154.839410
ext4, 1140000, 155.563438
ext4, 1150000, 154.898534
ext4, 1160000, 155.579972
ext4, 1170000, 155.051382
ext4, 1180000, 156.376586
ext4, 1190000, 154.902398
ext4, 1200000, 156.203946
ext4, 1210000, 154.884774
ext4, 1220000, 156.158057
ext4, 1230000, 155.023331
ext4, 1240000, 155.635005
ext4, 1250000, 154.861229
ext4, 1260000, 155.437705
ext4, 1270000, 154.877575
ext4, 1280000, 155.528702
ext4, 1290000, 154.295364
ext4, 1300000, 155.490967
ext4, 1310000, 154.213037
ext4, 1320000, 155.389627
ext4, 1330000, 154.183143
ext4, 1340000, 155.342214
ext4, 1350000, 154.157755
ext4, 1360000, 154.738659
ext4, 1370000, 153.577864
ext4, 1380000, 154.698785
ext4, 1390000, 153.671945
ext4, 1400000, 154.777420
ext4, 1410000, 153.861373
ext4, 1420000, 154.946680
ext4, 1430000, 153.907242
ext4, 1440000, 154.975003
ext4, 1450000, 154.078508
ext4, 1460000, 155.112289
ext4, 1470000, 154.258514
ext4, 1480000, 155.307258
ext4, 1490000, 154.299865
ext4, 1500000, 154.790244
ext4, 1510000, 153.672078
ext4, 1520000, 154.688811
ext4, 1530000, 153.771813
ext4, 1540000, 154.776503
ext4, 1550000, 153.966638
ext4, 1560000, 154.958086
ext4, 1570000, 154.168107
ext4, 1580000, 155.149707
ext4, 1590000, 154.361621
ext4, 1600000, 154.864461
ext4, 1610000, 154.379923
ext4, 1620000, 154.870865
ext4, 1630000, 153.942748
ext4, 1640000, 154.887164
ext4, 1650000, 153.791427
ext4, 1660000, 154.723322
ext4, 1670000, 153.654215
ext4, 1680000, 154.570995
ext4, 1690000, 153.781445
ext4, 1700000, 154.691215
ext4, 1710000, 153.652655
ext4, 1720000, 154.542268
ext4, 1730000, 153.435321
ext4, 1740000, 154.322162
ext4, 1750000, 153.292164
ext4, 1760000, 153.690947
ext4, 1770000, 152.634169
ext4, 1780000, 152.825037
ext4, 1790000, 150.503922
ext4, 1800000, 148.607495
ext4, 1810000, 149.421688
ext4, 1820000, 150.202462
ext4, 1830000, 151.014353
ext4, 1840000, 151.806303
ext4, 1850000, 152.553984
ext4, 1860000, 153.350407
ext4, 1870000, 153.894034
ext4, 1880000, 154.552100
ext4, 1890000, 155.326453
ext4, 1900000, 156.107781
ext4, 1910000, 156.883870
ext4, 1920000, 157.670262
ext4, 1930000, 158.441237
ext4, 1940000, 159.099186
ext4, 1950000, 159.545681
ext4, 1960000, 159.891497
ext4, 1970000, 160.524277
ext4, 1980000, 160.330389
ext4, 1990000, 160.338611
ext4, 2000000, 159.874701
ext4, 2010000, 160.259199
ext4, 2020000, 160.073182
ext4, 2030000, 160.470026
ext4, 2040000, 160.081445
ext4, 2050000, 160.479507
ext4, 2060000, 160.065051
ext4, 2070000, 160.447208
ext4, 2080000, 160.026532
ext4, 2090000, 160.402568
ext4, 2100000, 159.588092
ext4, 2110000, 160.347582
ext4, 2120000, 159.634389
ext4, 2130000, 160.384904
ext4, 2140000, 159.602170
ext4, 2150000, 160.347530
ext4, 2160000, 159.522713
ext4, 2170000, 160.260713
ext4, 2180000, 159.448610
ext4, 2190000, 160.179992
ext4, 2200000, 159.059008
ext4, 2210000, 159.781963
ext4, 2220000, 159.070630
ext4, 2230000, 159.787077
ext4, 2240000, 159.009366
ext4, 2250000, 159.719197
ext4, 2260000, 158.904651
ext4, 2270000, 159.602264
ext4, 2280000, 158.827819
ext4, 2290000, 159.165060
ext4, 2300000, 158.766086
ext4, 2310000, 159.095346
ext4, 2320000, 158.714737
ext4, 2330000, 159.016221
ext4, 2340000, 158.708522
ext4, 2350000, 159.049483
ext4, 2360000, 158.656952
ext4, 2370000, 158.980953
ext4, 2380000, 158.611911
ext4, 2390000, 158.577315
ext4, 2400000, 158.533703
ext4, 2410000, 158.495175
ext4, 2420000, 158.096653
ext4, 2430000, 158.408581
ext4, 2440000, 158.041439
ext4, 2450000, 158.334958
ext4, 2460000, 157.965132
ext4, 2470000, 158.250453
ext4, 2480000, 157.833179
ext4, 2490000, 158.118887
ext4, 2500000, 157.736648
ext4, 2510000, 157.715904
ext4, 2520000, 157.668486
ext4, 2530000, 157.644913
ext4, 2540000, 157.653430
ext4, 2550000, 157.591691
ext4, 2560000, 157.593455
ext4, 2570000, 157.336858
ext4, 2580000, 157.707188
ext4, 2590000, 157.416775
ext4, 2600000, 157.714096
ext4, 2610000, 157.316663
ext4, 2620000, 157.610022
ext4, 2630000, 156.972888
ext4, 2640000, 157.536001
ext4, 2650000, 156.974547
ext4, 2660000, 157.566863
ext4, 2670000, 156.996098
ext4, 2680000, 157.584072
ext4, 2690000, 156.891842
ext4, 2700000, 157.471962
ext4, 2710000, 156.812992
ext4, 2720000, 157.091761
ext4, 2730000, 156.767679
ext4, 2740000, 157.022165
ext4, 2750000, 156.363013
ext4, 2760000, 156.931415
ext4, 2770000, 156.584894
ext4, 2780000, 156.851912
ext4, 2790000, 156.227235
ext4, 2800000, 156.485799
ext4, 2810000, 156.228896
ext4, 2820000, 156.784415
ext4, 2830000, 156.230351
ext4, 2840000, 156.074177
ext4, 2850000, 156.601824
ext4, 2860000, 157.096379
ext4, 2870000, 157.631703
ext4, 2880000, 157.938634
ext4, 2890000, 158.200773
ext4, 2900000, 158.479578
ext4, 2910000, 158.728435
ext4, 2920000, 159.004817
ext4, 2930000, 159.235309
ext4, 2940000, 159.509200
ext4, 2950000, 159.774566
ext4, 2960000, 160.023248

btrfs, 10000, 11487.347261
btrfs, 20000, 22792.152662
btrfs, 30000, 34050.899284
btrfs, 40000, 26846.592530
btrfs, 50000, 13519.498632
btrfs, 60000, 16086.243715
btrfs, 70000, 18741.803808
btrfs, 80000, 17998.450783
btrfs, 90000, 13000.191392
btrfs, 100000, 14418.088819
btrfs, 110000, 15841.319519
btrfs, 120000, 14636.952352
btrfs, 130000, 11543.160766
btrfs, 140000, 12427.456939
btrfs, 150000, 13293.346946
btrfs, 160000, 12813.351512
btrfs, 170000, 9867.019852
btrfs, 180000, 10406.866265
btrfs, 190000, 10984.398685
btrfs, 200000, 10644.850684
btrfs, 210000, 8232.152018
btrfs, 220000, 7169.003990
btrfs, 230000, 7490.215905
btrfs, 240000, 6307.886190
btrfs, 250000, 4765.017453
btrfs, 260000, 4955.422355
btrfs, 270000, 4812.573007
btrfs, 280000, 4770.123165
btrfs, 290000, 4267.537833
btrfs, 300000, 4138.390367
btrfs, 310000, 4161.660145
btrfs, 320000, 4193.199958
btrfs, 330000, 3849.922822
btrfs, 340000, 3242.844275
btrfs, 350000, 3144.027881
btrfs, 360000, 3078.435905
btrfs, 370000, 2632.939818
btrfs, 380000, 2636.336476
btrfs, 390000, 2699.157809
btrfs, 400000, 2586.069300
btrfs, 410000, 2422.676612
btrfs, 420000, 2441.467729
btrfs, 430000, 2494.208636
btrfs, 440000, 2405.107613
btrfs, 450000, 2114.894233
btrfs, 460000, 2161.827346
btrfs, 470000, 2208.478210
btrfs, 480000, 2121.514817
btrfs, 490000, 1956.479464
btrfs, 500000, 1996.179193
btrfs, 510000, 2036.067881
btrfs, 520000, 1945.837770
btrfs, 530000, 1790.398422
btrfs, 540000, 1794.609812
btrfs, 550000, 1827.023610
btrfs, 560000, 1744.893346
btrfs, 570000, 1632.193064
btrfs, 580000, 1660.789006
btrfs, 590000, 1663.561896
btrfs, 600000, 1591.569381
btrfs, 610000, 1484.134599
btrfs, 620000, 1490.110113
btrfs, 630000, 1491.645012
btrfs, 640000, 1474.456773
btrfs, 650000, 1360.073329
btrfs, 660000, 1380.948675
btrfs, 670000, 1366.806091
btrfs, 680000, 1349.832795
btrfs, 690000, 1256.674000
btrfs, 700000, 1274.846761
btrfs, 710000, 1282.597282
btrfs, 720000, 1255.766039
btrfs, 730000, 1124.414620
btrfs, 740000, 1139.750953
btrfs, 750000, 1155.143520
btrfs, 760000, 1129.153711
btrfs, 770000, 1035.198022
btrfs, 780000, 1036.788013
btrfs, 790000, 1049.983621
btrfs, 800000, 1027.228626
btrfs, 810000, 951.930881
btrfs, 820000, 956.893787
btrfs, 830000, 954.356939
btrfs, 840000, 942.443441
btrfs, 850000, 860.079949
btrfs, 860000, 870.167123
btrfs, 870000, 870.599551
btrfs, 880000, 851.310677
btrfs, 890000, 784.647446
btrfs, 900000, 785.022815
btrfs, 910000, 793.741112
btrfs, 920000, 777.397213
btrfs, 930000, 703.759499
btrfs, 940000, 711.302056
btrfs, 950000, 707.339923
btrfs, 960000, 705.250829
btrfs, 970000, 628.746065
btrfs, 980000, 627.099332
btrfs, 990000, 624.273567
btrfs, 1000000, 615.019732
btrfs, 1010000, 559.063555
btrfs, 1020000, 564.598675
btrfs, 1030000, 557.671253
btrfs, 1040000, 551.152096
btrfs, 1050000, 502.569122
btrfs, 1060000, 499.641865
btrfs, 1070000, 500.075112
btrfs, 1080000, 493.699191
btrfs, 1090000, 444.538845
btrfs, 1100000, 441.701273
btrfs, 1110000, 440.946156
btrfs, 1120000, 426.797592
btrfs, 1130000, 379.730075
btrfs, 1140000, 383.090344
btrfs, 1150000, 377.118510
btrfs, 1160000, 373.343320
btrfs, 1170000, 375.581092
btrfs, 1180000, 378.729787
btrfs, 1190000, 381.278704
btrfs, 1200000, 382.691036
btrfs, 1210000, 366.829459
btrfs, 1220000, 369.809932
btrfs, 1230000, 372.146939
btrfs, 1240000, 373.421132
btrfs, 1250000, 359.379784
btrfs, 1260000, 358.380374
btrfs, 1270000, 361.196166
btrfs, 1280000, 363.334996
btrfs, 1290000, 355.789337
btrfs, 1300000, 350.244439
btrfs, 1310000, 350.282315
btrfs, 1320000, 352.555775
btrfs, 1330000, 353.226270
btrfs, 1340000, 355.859443
btrfs, 1350000, 349.124234
btrfs, 1360000, 345.376363
btrfs, 1370000, 345.450869
btrfs, 1380000, 346.467953
btrfs, 1390000, 344.437087
btrfs, 1400000, 337.963877
btrfs, 1410000, 339.689338
btrfs, 1420000, 339.356033
btrfs, 1430000, 341.741678
btrfs, 1440000, 335.376752
btrfs, 1450000, 332.319173
btrfs, 1460000, 332.273944
btrfs, 1470000, 333.701154
btrfs, 1480000, 331.929785
btrfs, 1490000, 324.601468
btrfs, 1500000, 326.772717
btrfs, 1510000, 318.976580
btrfs, 1520000, 316.411486
btrfs, 1530000, 317.351343
btrfs, 1540000, 314.365971
btrfs, 1550000, 311.170823
btrfs, 1560000, 303.230770
btrfs, 1570000, 303.851148
btrfs, 1580000, 304.467281
btrfs, 1590000, 302.287356
btrfs, 1600000, 296.302195
btrfs, 1610000, 297.018872
btrfs, 1620000, 290.213460
btrfs, 1630000, 286.134925
btrfs, 1640000, 285.194499
btrfs, 1650000, 284.890814
btrfs, 1660000, 273.492250
btrfs, 1670000, 274.395059
btrfs, 1680000, 269.732536
btrfs, 1690000, 269.683148
btrfs, 1700000, 265.985936
btrfs, 1710000, 261.284874
btrfs, 1720000, 254.242003
btrfs, 1730000, 255.712196
btrfs, 1740000, 255.214873
btrfs, 1750000, 240.558128
btrfs, 1760000, 240.285550
btrfs, 1770000, 241.649581
btrfs, 1780000, 238.418998
btrfs, 1790000, 235.671822
btrfs, 1800000, 236.905882
btrfs, 1810000, 238.039951
btrfs, 1820000, 238.992807
btrfs, 1830000, 233.814323
btrfs, 1840000, 235.077806
btrfs, 1850000, 234.496334
btrfs, 1860000, 231.543278
btrfs, 1870000, 232.370559
btrfs, 1880000, 233.352669
btrfs, 1890000, 229.377624
btrfs, 1900000, 230.174509
btrfs, 1910000, 229.711363
btrfs, 1920000, 229.498578
btrfs, 1930000, 227.158684
btrfs, 1940000, 226.928718
btrfs, 1950000, 226.308591
btrfs, 1960000, 225.938272
btrfs, 1970000, 226.577122
btrfs, 1980000, 225.044939
btrfs, 1990000, 225.453414
btrfs, 2000000, 226.357672
btrfs, 2010000, 223.162618
btrfs, 2020000, 223.288943
btrfs, 2030000, 222.825493
btrfs, 2040000, 220.479657
btrfs, 2050000, 221.558064
btrfs, 2060000, 219.706907
btrfs, 2070000, 220.210252
btrfs, 2080000, 219.592575
btrfs, 2090000, 219.611156
btrfs, 2100000, 219.299204
btrfs, 2110000, 219.869446
btrfs, 2120000, 217.113149
btrfs, 2130000, 218.132195
btrfs, 2140000, 216.339505
btrfs, 2150000, 216.179482
btrfs, 2160000, 214.723849
btrfs, 2170000, 215.331124
btrfs, 2180000, 213.004480
btrfs, 2190000, 213.018643
btrfs, 2200000, 211.106017
btrfs, 2210000, 210.868791
btrfs, 2220000, 209.941317
btrfs, 2230000, 208.967216
btrfs, 2240000, 208.352669
btrfs, 2250000, 209.279536
btrfs, 2260000, 207.055860
btrfs, 2270000, 207.458933
btrfs, 2280000, 206.339462
btrfs, 2290000, 205.465713
btrfs, 2300000, 205.568233
btrfs, 2310000, 204.167153
btrfs, 2320000, 202.951026
btrfs, 2330000, 202.507979
btrfs, 2340000, 199.362870
btrfs, 2350000, 200.203378
btrfs, 2360000, 198.056351
btrfs, 2370000, 196.022498
btrfs, 2380000, 195.924602
btrfs, 2390000, 192.869537
btrfs, 2400000, 192.096402
btrfs, 2410000, 189.555543
btrfs, 2420000, 189.474540
btrfs, 2430000, 186.484018
btrfs, 2440000, 185.829384
btrfs, 2450000, 183.426249
btrfs, 2460000, 183.291810
btrfs, 2470000, 184.035407
btrfs, 2480000, 184.705144
btrfs, 2490000, 184.907274
btrfs, 2500000, 185.271631
btrfs, 2510000, 185.685056
btrfs, 2520000, 183.640571
btrfs, 2530000, 183.839367
btrfs, 2540000, 181.717640
btrfs, 2550000, 182.363932
btrfs, 2560000, 181.208199
btrfs, 2570000, 180.020937
btrfs, 2580000, 180.503143
btrfs, 2590000, 179.603788
btrfs, 2600000, 180.002744
btrfs, 2610000, 178.125547
btrfs, 2620000, 178.456510
btrfs, 2630000, 177.892561
btrfs, 2640000, 176.631468
btrfs, 2650000, 176.745458
btrfs, 2660000, 177.288514
btrfs, 2670000, 176.001148
btrfs, 2680000, 175.434329
btrfs, 2690000, 174.667429
btrfs, 2700000, 175.059518
btrfs, 2710000, 174.621789
btrfs, 2720000, 174.205064
btrfs, 2730000, 173.381196
btrfs, 2740000, 172.799468
btrfs, 2750000, 172.559923
btrfs, 2760000, 172.518425
btrfs, 2770000, 171.858233
btrfs, 2780000, 171.403211
btrfs, 2790000, 170.266770
btrfs, 2800000, 169.747269
btrfs, 2810000, 169.950419
btrfs, 2820000, 169.344629
btrfs, 2830000, 169.376533
btrfs, 2840000, 168.211718
btrfs, 2850000, 167.841927
btrfs, 2860000, 167.246125
btrfs, 2870000, 166.716715
btrfs, 2880000, 166.120484
btrfs, 2890000, 165.584784
btrfs, 2900000, 165.367789
btrfs, 2910000, 164.553787
btrfs, 2920000, 164.219439
btrfs, 2930000, 163.562833
btrfs, 2940000, 163.474722
btrfs, 2950000, 162.621487
btrfs, 2960000, 162.267446


xfs, 10000, 27100.491332
xfs, 20000, 53992.910731
xfs, 30000, 77631.514254
xfs, 40000, 87709.488632
xfs, 50000, 72545.776385
xfs, 60000, 86274.577470
xfs, 70000, 95574.491441
xfs, 80000, 81282.970405
xfs, 90000, 23793.101534
xfs, 100000, 26429.687517
xfs, 110000, 25915.359963
xfs, 120000, 20299.533145
xfs, 130000, 9440.787995
xfs, 140000, 10156.884692
xfs, 150000, 10257.392862
xfs, 160000, 8276.178133
xfs, 170000, 4233.790088
xfs, 180000, 4463.856489
xfs, 190000, 2662.527250
xfs, 200000, 2794.997876
xfs, 210000, 2842.811336
xfs, 220000, 2969.628048
xfs, 230000, 3104.114539
xfs, 240000, 3173.867937
xfs, 250000, 3155.340970
xfs, 260000, 3280.723856
xfs, 270000, 3397.432782
xfs, 280000, 3424.036634
xfs, 290000, 3314.847912
xfs, 300000, 3418.150795
xfs, 310000, 3519.067403
xfs, 320000, 3501.999478
xfs, 330000, 3205.656410
xfs, 340000, 3293.202210
xfs, 350000, 3380.690823
xfs, 360000, 3351.670759
xfs, 370000, 1960.631609
xfs, 380000, 2013.193730
xfs, 390000, 2063.402060
xfs, 400000, 2109.753290
xfs, 410000, 2128.041197
xfs, 420000, 2179.807618
xfs, 430000, 2223.834013
xfs, 440000, 2258.984572
xfs, 450000, 2268.704459
xfs, 460000, 2319.036916
xfs, 470000, 2358.733387
xfs, 480000, 2389.213299
xfs, 490000, 2387.096626
xfs, 500000, 2435.787205
xfs, 510000, 2475.218789
xfs, 520000, 2494.916751
xfs, 530000, 2446.080889
xfs, 540000, 2468.036979
xfs, 550000, 2274.571001
xfs, 560000, 2315.847421
xfs, 570000, 1882.200780
xfs, 580000, 1914.221946
xfs, 590000, 1943.659645
xfs, 600000, 1976.564266
xfs, 610000, 1994.053901
xfs, 620000, 2019.563518
xfs, 630000, 2044.111863
xfs, 640000, 2075.187547
xfs, 650000, 2084.202359
xfs, 660000, 2107.609839
xfs, 670000, 2128.607004
xfs, 680000, 2158.643326
xfs, 690000, 2158.819096
xfs, 700000, 2177.546645
xfs, 710000, 2192.871106
xfs, 720000, 2222.294584
xfs, 730000, 1821.796112
xfs, 740000, 1840.136807
xfs, 750000, 1854.328209
xfs, 760000, 1879.051725
xfs, 770000, 1850.583588
xfs, 780000, 1871.170986
xfs, 790000, 1888.017834
xfs, 800000, 1911.876987
xfs, 810000, 1919.225731
xfs, 820000, 1935.276088
xfs, 830000, 1947.757726
xfs, 840000, 1971.198698
xfs, 850000, 1969.293114
xfs, 860000, 1982.223430
xfs, 870000, 1838.250943
xfs, 880000, 1856.368778
xfs, 890000, 1843.463426
xfs, 900000, 1721.953857
xfs, 910000, 1734.142269
xfs, 920000, 1751.740416
xfs, 930000, 1750.775520
xfs, 940000, 1765.668285
xfs, 950000, 1699.777944
xfs, 960000, 1717.389777
xfs, 970000, 1720.100404
xfs, 980000, 1731.972774
xfs, 990000, 1644.142225
xfs, 1000000, 1653.050397
xfs, 1010000, 1664.911281
xfs, 1020000, 1604.435758
xfs, 1030000, 1615.768158
xfs, 1040000, 1620.590475
xfs, 1050000, 1552.457460
xfs, 1060000, 1567.212820
xfs, 1070000, 1576.426299
xfs, 1080000, 1520.275916
xfs, 1090000, 1530.391678
xfs, 1100000, 1543.668683
xfs, 1110000, 1550.993738
xfs, 1120000, 1479.696877
xfs, 1130000, 1487.617124
xfs, 1140000, 1500.151916
xfs, 1150000, 1508.162737
xfs, 1160000, 1440.603908
xfs, 1170000, 1448.742954
xfs, 1180000, 1407.475286
xfs, 1190000, 1418.430816
xfs, 1200000, 1424.198610
xfs, 1210000, 1382.500960
xfs, 1220000, 1390.508239
xfs, 1230000, 1401.060044
xfs, 1240000, 1362.570883
xfs, 1250000, 1369.500070
xfs, 1260000, 1379.374090
xfs, 1270000, 1388.033286
xfs, 1280000, 1343.621217
xfs, 1290000, 1345.156263
xfs, 1300000, 1355.581710
xfs, 1310000, 1333.582491
xfs, 1320000, 1341.225441
xfs, 1330000, 1286.494578
xfs, 1340000, 1296.160126
xfs, 1350000, 1302.984234
xfs, 1360000, 1310.657928
xfs, 1370000, 1280.532979
xfs, 1380000, 1286.236024
xfs, 1390000, 1294.929089
xfs, 1400000, 1302.514797
xfs, 1410000, 1260.902614
xfs, 1420000, 1229.147207
xfs, 1430000, 1237.799529
xfs, 1440000, 1245.359510
xfs, 1450000, 1249.865220
xfs, 1460000, 1217.322980
xfs, 1470000, 1224.773987
xfs, 1480000, 1231.877157
xfs, 1490000, 1193.006726
xfs, 1500000, 1200.410895
xfs, 1510000, 1207.982309
xfs, 1520000, 1214.618771
xfs, 1530000, 1180.154283
xfs, 1540000, 1186.195642
xfs, 1550000, 1168.442474
xfs, 1560000, 1172.791891
xfs, 1570000, 1155.395205
xfs, 1580000, 1162.308190
xfs, 1590000, 1167.174423
xfs, 1600000, 1173.025904
xfs, 1610000, 1156.428730
xfs, 1620000, 1163.160204
xfs, 1630000, 1167.735450
xfs, 1640000, 1145.002763
xfs, 1650000, 1149.255315
xfs, 1660000, 1130.943823
xfs, 1670000, 1137.316756
xfs, 1680000, 1143.875982
xfs, 1690000, 1147.143840
xfs, 1700000, 1134.227577
xfs, 1710000, 1140.156769
xfs, 1720000, 1145.912284
xfs, 1730000, 1099.506074
xfs, 1740000, 1104.291880
xfs, 1750000, 1110.637587
xfs, 1760000, 1116.191438
xfs, 1770000, 1118.751759
xfs, 1780000, 1109.686450
xfs, 1790000, 1113.969239
xfs, 1800000, 1119.547966
xfs, 1810000, 1090.882211
xfs, 1820000, 1095.133732
xfs, 1830000, 1100.372031
xfs, 1840000, 1105.987020
xfs, 1850000, 1099.746726
xfs, 1860000, 1102.392786
xfs, 1870000, 1108.124706
xfs, 1880000, 1086.479471
xfs, 1890000, 1091.529703
xfs, 1900000, 1095.734579
xfs, 1910000, 1101.348920
xfs, 1920000, 1106.249750
xfs, 1930000, 1110.377020
xfs, 1940000, 1114.863427
xfs, 1950000, 1120.606223
xfs, 1960000, 1125.488769
xfs, 1970000, 1128.837793
xfs, 1980000, 1132.860297
xfs, 1990000, 1138.396702
xfs, 2000000, 1143.142509
xfs, 2010000, 1144.594772
xfs, 2020000, 1106.400697
xfs, 2030000, 1111.416452
xfs, 2040000, 1116.467132
xfs, 2050000, 1119.867347
xfs, 2060000, 1124.415744
xfs, 2070000, 1129.727048
xfs, 2080000, 1133.361639
xfs, 2090000, 1137.851797
xfs, 2100000, 1143.173659
xfs, 2110000, 1146.905357
xfs, 2120000, 1150.938476
xfs, 2130000, 1156.169446
xfs, 2140000, 1159.024657
xfs, 2150000, 1163.554691
xfs, 2160000, 1167.976302
xfs, 2170000, 1169.583157
xfs, 2180000, 1174.321361
xfs, 2190000, 1128.066031
xfs, 2200000, 1131.029892
xfs, 2210000, 1135.936510
xfs, 2220000, 1140.320839
xfs, 2230000, 1143.261396
xfs, 2240000, 1148.228092
xfs, 2250000, 1152.643849
xfs, 2260000, 1155.669047
xfs, 2270000, 1160.629823
xfs, 2280000, 1164.939439
xfs, 2290000, 1167.102930
xfs, 2300000, 1171.861016
xfs, 2310000, 1175.846709
xfs, 2320000, 1175.495826
xfs, 2330000, 1179.334458
xfs, 2340000, 1173.107400
xfs, 2350000, 1143.245318
xfs, 2360000, 1147.877938
xfs, 2370000, 1141.041195
xfs, 2380000, 1145.766359
xfs, 2390000, 1148.214488
xfs, 2400000, 1152.859241
xfs, 2410000, 1155.985858
xfs, 2420000, 1153.866711
xfs, 2430000, 1158.476199
xfs, 2440000, 1153.557059
xfs, 2450000, 1147.178212
xfs, 2460000, 1151.460396
xfs, 2470000, 1155.537260
xfs, 2480000, 1123.689868
xfs, 2490000, 1128.111163
xfs, 2500000, 1132.632571
xfs, 2510000, 1137.016847
xfs, 2520000, 1134.558597
xfs, 2530000, 1138.711269
xfs, 2540000, 1120.154784
xfs, 2550000, 1123.525764
xfs, 2560000, 1120.614651
xfs, 2570000, 1123.636497
xfs, 2580000, 1119.892193
xfs, 2590000, 1108.959647
xfs, 2600000, 1113.240066
xfs, 2610000, 1108.691075
xfs, 2620000, 1111.912916
xfs, 2630000, 1114.238561
xfs, 2640000, 1046.491861
xfs, 2650000, 997.546609
xfs, 2660000, 1001.108957
xfs, 2670000, 1004.751258
xfs, 2680000, 1008.392485
xfs, 2690000, 1011.103994
xfs, 2700000, 1014.361203
xfs, 2710000, 1017.620690
xfs, 2720000, 1020.744720
xfs, 2730000, 1024.009328
xfs, 2740000, 1001.285360
xfs, 2750000, 983.494271
xfs, 2760000, 986.995463
xfs, 2770000, 990.494071
xfs, 2780000, 993.387347
xfs, 2790000, 996.554470
xfs, 2800000, 999.654927
xfs, 2810000, 1002.747852
xfs, 2820000, 1005.583675
xfs, 2830000, 1008.891211
xfs, 2840000, 1011.835202
xfs, 2850000, 1014.798991
xfs, 2860000, 1017.919114
xfs, 2870000, 1020.853858
xfs, 2880000, 1023.889829
xfs, 2890000, 1026.370407
xfs, 2900000, 1029.788930
xfs, 2910000, 1033.178617
xfs, 2920000, 1035.219526
xfs, 2930000, 1037.879080
xfs, 2940000, 1040.466178
xfs, 2950000, 1042.928557
xfs, 2960000, 1020.077688

BetrFS-0.1, 10000, 20293.937389
BetrFS-0.1, 20000, 40439.414680
BetrFS-0.1, 30000, 26844.652679
BetrFS-0.1, 40000, 35792.485904
BetrFS-0.1, 50000, 26630.463439
BetrFS-0.1, 60000, 31580.975199
BetrFS-0.1, 70000, 32844.143279
BetrFS-0.1, 80000, 37468.286608
BetrFS-0.1, 90000, 27071.715682
BetrFS-0.1, 100000, 29817.457525
BetrFS-0.1, 110000, 30747.978111
BetrFS-0.1, 120000, 33497.742113
BetrFS-0.1, 130000, 30967.311620
BetrFS-0.1, 140000, 33042.363851
BetrFS-0.1, 150000, 33856.667123
BetrFS-0.1, 160000, 36079.835656
BetrFS-0.1, 170000, 32685.041556
BetrFS-0.1, 180000, 34418.609454
BetrFS-0.1, 190000, 34901.071077
BetrFS-0.1, 200000, 36678.040527
BetrFS-0.1, 210000, 34929.936369
BetrFS-0.1, 220000, 36400.951852
BetrFS-0.1, 230000, 36825.565781
BetrFS-0.1, 240000, 38137.952602
BetrFS-0.1, 250000, 33884.204661
BetrFS-0.1, 260000, 35088.017617
BetrFS-0.1, 270000, 35503.854930
BetrFS-0.1, 280000, 36613.899499
BetrFS-0.1, 290000, 35417.602231
BetrFS-0.1, 300000, 36447.297269
BetrFS-0.1, 310000, 36883.430987
BetrFS-0.1, 320000, 37775.290380
BetrFS-0.1, 330000, 36612.155236
BetrFS-0.1, 340000, 37598.508091
BetrFS-0.1, 350000, 37938.746701
BetrFS-0.1, 360000, 38692.374023
BetrFS-0.1, 370000, 35070.568144
BetrFS-0.1, 380000, 35886.171708
BetrFS-0.1, 390000, 36162.106378
BetrFS-0.1, 400000, 36827.047846
BetrFS-0.1, 410000, 35989.874732
BetrFS-0.1, 420000, 36811.825922
BetrFS-0.1, 430000, 37015.519574
BetrFS-0.1, 440000, 37530.791242
BetrFS-0.1, 450000, 36387.989117
BetrFS-0.1, 460000, 37128.582010
BetrFS-0.1, 470000, 37278.258804
BetrFS-0.1, 480000, 37775.849286
BetrFS-0.1, 490000, 36793.363739
BetrFS-0.1, 500000, 37512.889429
BetrFS-0.1, 510000, 37559.863795
BetrFS-0.1, 520000, 38022.671896
BetrFS-0.1, 530000, 32934.752403
BetrFS-0.1, 540000, 32872.355366
BetrFS-0.1, 550000, 32018.287915
BetrFS-0.1, 560000, 32284.915300
BetrFS-0.1, 570000, 28139.796534
BetrFS-0.1, 580000, 28565.801249
BetrFS-0.1, 590000, 27199.361082
BetrFS-0.1, 600000, 27393.460213
BetrFS-0.1, 610000, 25600.284709
BetrFS-0.1, 620000, 25488.225940
BetrFS-0.1, 630000, 25516.033425
BetrFS-0.1, 640000, 25673.037739
BetrFS-0.1, 650000, 23901.621221
BetrFS-0.1, 660000, 24089.905278
BetrFS-0.1, 670000, 23555.838976
BetrFS-0.1, 680000, 23638.961584
BetrFS-0.1, 690000, 22077.688378
BetrFS-0.1, 700000, 22336.043153
BetrFS-0.1, 710000, 22373.728428
BetrFS-0.1, 720000, 22044.734891
BetrFS-0.1, 730000, 21343.920854
BetrFS-0.1, 740000, 21569.929420
BetrFS-0.1, 750000, 21493.887669
BetrFS-0.1, 760000, 20694.760694
BetrFS-0.1, 770000, 19524.538935
BetrFS-0.1, 780000, 19662.022934
BetrFS-0.1, 790000, 18663.833481
BetrFS-0.1, 800000, 18720.745033
BetrFS-0.1, 810000, 17187.832517
BetrFS-0.1, 820000, 17187.432239
BetrFS-0.1, 830000, 16990.399626
BetrFS-0.1, 840000, 16804.747005
BetrFS-0.1, 850000, 16110.345480
BetrFS-0.1, 860000, 16196.788723
BetrFS-0.1, 870000, 15757.013379
BetrFS-0.1, 880000, 15818.443953
BetrFS-0.1, 890000, 15128.161792
BetrFS-0.1, 900000, 15061.969965
BetrFS-0.1, 910000, 14504.931390
BetrFS-0.1, 920000, 14313.643672
BetrFS-0.1, 930000, 14244.657289
BetrFS-0.1, 940000, 14383.231062
BetrFS-0.1, 950000, 14418.124487
BetrFS-0.1, 960000, 14417.617897
BetrFS-0.1, 970000, 14158.300218
BetrFS-0.1, 980000, 14259.417924
BetrFS-0.1, 990000, 13950.287769
BetrFS-0.1, 1000000, 13966.776753
BetrFS-0.1, 1010000, 13657.655134
BetrFS-0.1, 1020000, 13723.161348
BetrFS-0.1, 1030000, 13470.437980
BetrFS-0.1, 1040000, 13514.319877
BetrFS-0.1, 1050000, 13306.922936
BetrFS-0.1, 1060000, 13318.201678
BetrFS-0.1, 1070000, 13104.512381
BetrFS-0.1, 1080000, 13035.659070
BetrFS-0.1, 1090000, 12861.345399
BetrFS-0.1, 1100000, 12890.946972
BetrFS-0.1, 1110000, 12803.694994
BetrFS-0.1, 1120000, 12783.028813
BetrFS-0.1, 1130000, 12599.933923
BetrFS-0.1, 1140000, 12565.647517
BetrFS-0.1, 1150000, 12428.816923
BetrFS-0.1, 1160000, 12379.899764
BetrFS-0.1, 1170000, 12154.574903
BetrFS-0.1, 1180000, 12127.291463
BetrFS-0.1, 1190000, 12183.023203
BetrFS-0.1, 1200000, 11944.106717
BetrFS-0.1, 1210000, 11729.209429
BetrFS-0.1, 1220000, 11683.274249
BetrFS-0.1, 1230000, 11690.443333
BetrFS-0.1, 1240000, 11616.023754
BetrFS-0.1, 1250000, 11450.865203
BetrFS-0.1, 1260000, 11440.369692
BetrFS-0.1, 1270000, 11356.959577
BetrFS-0.1, 1280000, 11334.686624
BetrFS-0.1, 1290000, 11148.170183
BetrFS-0.1, 1300000, 11127.113898
BetrFS-0.1, 1310000, 10614.657288
BetrFS-0.1, 1320000, 10653.435917
BetrFS-0.1, 1330000, 10520.499165
BetrFS-0.1, 1340000, 10544.348033
BetrFS-0.1, 1350000, 10584.756935
BetrFS-0.1, 1360000, 10638.317178
BetrFS-0.1, 1370000, 10278.743081
BetrFS-0.1, 1380000, 10229.735319
BetrFS-0.1, 1390000, 10250.677668
BetrFS-0.1, 1400000, 10161.482358
BetrFS-0.1, 1410000, 10002.383901
BetrFS-0.1, 1420000, 9996.066407
BetrFS-0.1, 1430000, 9936.788337
BetrFS-0.1, 1440000, 9949.765500
BetrFS-0.1, 1450000, 9750.944929
BetrFS-0.1, 1460000, 9611.934979
BetrFS-0.1, 1470000, 9652.301702
BetrFS-0.1, 1480000, 9639.609081
BetrFS-0.1, 1490000, 9463.086930
BetrFS-0.1, 1500000, 9202.909221
BetrFS-0.1, 1510000, 9258.941090
BetrFS-0.1, 1520000, 9215.083219
BetrFS-0.1, 1530000, 9126.445724
BetrFS-0.1, 1540000, 8885.883229
BetrFS-0.1, 1550000, 8922.350556
BetrFS-0.1, 1560000, 8843.197323
BetrFS-0.1, 1570000, 8678.314339
BetrFS-0.1, 1580000, 8458.372617
BetrFS-0.1, 1590000, 8508.273014
BetrFS-0.1, 1600000, 8512.624637
BetrFS-0.1, 1610000, 8530.444034
BetrFS-0.1, 1620000, 8206.925488
BetrFS-0.1, 1630000, 8254.306242
BetrFS-0.1, 1640000, 8224.678807
BetrFS-0.1, 1650000, 8219.244860
BetrFS-0.1, 1660000, 7925.422311
BetrFS-0.1, 1670000, 7963.624225
BetrFS-0.1, 1680000, 7947.164713
BetrFS-0.1, 1690000, 7953.508739
BetrFS-0.1, 1700000, 7678.657784
BetrFS-0.1, 1710000, 7693.981194
BetrFS-0.1, 1720000, 7674.766458
BetrFS-0.1, 1730000, 7608.591232
BetrFS-0.1, 1740000, 7404.048100
BetrFS-0.1, 1750000, 7446.153883
BetrFS-0.1, 1760000, 7198.666028
BetrFS-0.1, 1770000, 7146.159141
BetrFS-0.1, 1780000, 7162.404500
BetrFS-0.1, 1790000, 7176.354769
BetrFS-0.1, 1800000, 7109.996685
BetrFS-0.1, 1810000, 6930.422729
BetrFS-0.1, 1820000, 6915.146735
BetrFS-0.1, 1830000, 6906.475680
BetrFS-0.1, 1840000, 6877.112026
BetrFS-0.1, 1850000, 6695.914154
BetrFS-0.1, 1860000, 6596.224942
BetrFS-0.1, 1870000, 6608.983225
BetrFS-0.1, 1880000, 6550.790591
BetrFS-0.1, 1890000, 6546.733964
BetrFS-0.1, 1900000, 6558.330231
BetrFS-0.1, 1910000, 6587.223510
BetrFS-0.1, 1920000, 6583.568386
BetrFS-0.1, 1930000, 6499.259088
BetrFS-0.1, 1940000, 6522.511563
BetrFS-0.1, 1950000, 6335.474918
BetrFS-0.1, 1960000, 6341.127133
BetrFS-0.1, 1970000, 6310.577075
BetrFS-0.1, 1980000, 6265.561495
BetrFS-0.1, 1990000, 6219.006903
BetrFS-0.1, 2000000, 6109.070726
BetrFS-0.1, 2010000, 6037.513323
BetrFS-0.1, 2020000, 5954.099757
BetrFS-0.1, 2030000, 5946.379162
BetrFS-0.1, 2040000, 5864.308811
BetrFS-0.1, 2050000, 5588.178478
BetrFS-0.1, 2060000, 5601.109859
BetrFS-0.1, 2070000, 5625.574099
BetrFS-0.1, 2080000, 5611.029908
BetrFS-0.1, 2090000, 5424.019774
BetrFS-0.1, 2100000, 5373.142238
BetrFS-0.1, 2110000, 5389.336319
BetrFS-0.1, 2120000, 5394.046358
BetrFS-0.1, 2130000, 5305.956141
BetrFS-0.1, 2140000, 5218.757041
BetrFS-0.1, 2150000, 5233.678754
BetrFS-0.1, 2160000, 5218.429293
BetrFS-0.1, 2170000, 5098.494838
BetrFS-0.1, 2180000, 5079.803302
BetrFS-0.1, 2190000, 5085.397891
BetrFS-0.1, 2200000, 5051.503082
BetrFS-0.1, 2210000, 4937.589572
BetrFS-0.1, 2220000, 4834.057182
BetrFS-0.1, 2230000, 4838.512161
BetrFS-0.1, 2240000, 4787.124185
BetrFS-0.1, 2250000, 4670.195098
BetrFS-0.1, 2260000, 4595.773309
BetrFS-0.1, 2270000, 4613.324268
BetrFS-0.1, 2280000, 4593.327966
BetrFS-0.1, 2290000, 4487.812047
BetrFS-0.1, 2300000, 4363.492319
BetrFS-0.1, 2310000, 4381.114019
BetrFS-0.1, 2320000, 4328.720465
BetrFS-0.1, 2330000, 4230.529060
BetrFS-0.1, 2340000, 4161.604271
BetrFS-0.1, 2350000, 4145.216377
BetrFS-0.1, 2360000, 4089.088500
BetrFS-0.1, 2370000, 4031.412761
BetrFS-0.1, 2380000, 3929.599676
BetrFS-0.1, 2390000, 3923.843839
BetrFS-0.1, 2400000, 3879.668587
BetrFS-0.1, 2410000, 3815.952235
BetrFS-0.1, 2420000, 3736.245216
BetrFS-0.1, 2430000, 3736.017775
BetrFS-0.1, 2440000, 3641.813972
BetrFS-0.1, 2450000, 3599.073554
BetrFS-0.1, 2460000, 3531.253899
BetrFS-0.1, 2470000, 3538.194387
BetrFS-0.1, 2480000, 3463.568606
BetrFS-0.1, 2490000, 3409.720041
BetrFS-0.1, 2500000, 3366.778471
BetrFS-0.1, 2510000, 3375.302649
BetrFS-0.1, 2520000, 3304.023814
BetrFS-0.1, 2530000, 3257.810177
BetrFS-0.1, 2540000, 3196.649484
BetrFS-0.1, 2550000, 3201.626155
BetrFS-0.1, 2560000, 3151.890644
BetrFS-0.1, 2570000, 3094.812989
BetrFS-0.1, 2580000, 3041.494533
BetrFS-0.1, 2590000, 3039.503465
BetrFS-0.1, 2600000, 2989.830775
BetrFS-0.1, 2610000, 2929.094047
BetrFS-0.1, 2620000, 2875.016455
BetrFS-0.1, 2630000, 2881.929426
BetrFS-0.1, 2640000, 2848.857987
BetrFS-0.1, 2650000, 2789.584319
BetrFS-0.1, 2660000, 2740.109194
BetrFS-0.1, 2670000, 2746.556039
BetrFS-0.1, 2680000, 2715.515387
BetrFS-0.1, 2690000, 2666.149837
BetrFS-0.1, 2700000, 2627.941357
BetrFS-0.1, 2710000, 2633.344127
BetrFS-0.1, 2720000, 2613.782349
BetrFS-0.1, 2730000, 2562.749958
BetrFS-0.1, 2740000, 2520.498638
BetrFS-0.1, 2750000, 2526.891229
BetrFS-0.1, 2760000, 2513.529214
BetrFS-0.1, 2770000, 2463.166118
BetrFS-0.1, 2780000, 2422.246147
BetrFS-0.1, 2790000, 2430.547103
BetrFS-0.1, 2800000, 2413.910315
BetrFS-0.1, 2810000, 2373.545786
BetrFS-0.1, 2820000, 2325.770079
BetrFS-0.1, 2830000, 2329.274291
BetrFS-0.1, 2840000, 2314.371706
BetrFS-0.1, 2850000, 2280.660457
BetrFS-0.1, 2860000, 2243.730402
BetrFS-0.1, 2870000, 2239.859754
BetrFS-0.1, 2880000, 2231.461480
BetrFS-0.1, 2890000, 2193.954404
BetrFS-0.1, 2900000, 2163.410035
BetrFS-0.1, 2910000, 2153.056614
BetrFS-0.1, 2920000, 2144.006805
BetrFS-0.1, 2930000, 2072.268218
BetrFS-0.1, 2940000, 2068.942591
BetrFS-0.1, 2950000, 2018.348098
BetrFS-0.1, 2960000, 2018.126439

zfs, 10000, 3920.945889
zfs, 20000, 7827.277043
zfs, 30000, 11576.137413
zfs, 40000, 14317.929627
zfs, 50000, 9632.426601
zfs, 60000, 11510.488837
zfs, 70000, 13409.871773
zfs, 80000, 14627.009431
zfs, 90000, 11045.937353
zfs, 100000, 12191.173200
zfs, 110000, 13388.110992
zfs, 120000, 14238.773795
zfs, 130000, 12146.344011
zfs, 140000, 13025.328962
zfs, 150000, 13943.434831
zfs, 160000, 14448.503772
zfs, 170000, 12260.727397
zfs, 180000, 12914.752802
zfs, 190000, 13622.345982
zfs, 200000, 13978.419696
zfs, 210000, 2073.095552
zfs, 220000, 1874.435039
zfs, 230000, 1829.860931
zfs, 240000, 1719.692871
zfs, 250000, 1112.102508
zfs, 260000, 1145.867248
zfs, 270000, 1174.825004
zfs, 280000, 1209.586976
zfs, 290000, 1252.114162
zfs, 300000, 1291.231513
zfs, 310000, 1329.303628
zfs, 320000, 1366.316679
zfs, 330000, 1401.934271
zfs, 340000, 1436.760244
zfs, 350000, 1472.978527
zfs, 360000, 1508.731482
zfs, 370000, 1544.673644
zfs, 380000, 1579.388541
zfs, 390000, 1614.088132
zfs, 400000, 1647.022757
zfs, 410000, 1680.036720
zfs, 420000, 1711.009899
zfs, 430000, 1743.038316
zfs, 440000, 1773.053646
zfs, 450000, 1804.146542
zfs, 460000, 1832.364865
zfs, 470000, 1861.419828
zfs, 480000, 1875.776967
zfs, 490000, 1876.541981
zfs, 500000, 1872.791976
zfs, 510000, 1856.947649
zfs, 520000, 1833.918364
zfs, 530000, 1802.643550

BetrFS-0.2, 10000, 19429.359705
BetrFS-0.2, 20000, 38825.000194
BetrFS-0.2, 30000, 57472.805784
BetrFS-0.2, 40000, 65815.453468
BetrFS-0.2, 50000, 46592.547243
BetrFS-0.2, 60000, 55783.648697
BetrFS-0.2, 70000, 64436.014577
BetrFS-0.2, 80000, 64113.506552
BetrFS-0.2, 90000, 43238.506484
BetrFS-0.2, 100000, 48022.643637
BetrFS-0.2, 110000, 52233.182221
BetrFS-0.2, 120000, 52988.882049
BetrFS-0.2, 130000, 39709.254944
BetrFS-0.2, 140000, 42683.941874
BetrFS-0.2, 150000, 45207.002866
BetrFS-0.2, 160000, 44947.999379
BetrFS-0.2, 170000, 36050.242162
BetrFS-0.2, 180000, 37957.722688
BetrFS-0.2, 190000, 39757.171566
BetrFS-0.2, 200000, 39545.292410
BetrFS-0.2, 210000, 31996.947796
BetrFS-0.2, 220000, 33433.044857
BetrFS-0.2, 230000, 34748.750669
BetrFS-0.2, 240000, 34774.802005
BetrFS-0.2, 250000, 29053.139587
BetrFS-0.2, 260000, 30136.814182
BetrFS-0.2, 270000, 31153.093687
BetrFS-0.2, 280000, 31203.793311
BetrFS-0.2, 290000, 27095.649980
BetrFS-0.2, 300000, 27954.241516
BetrFS-0.2, 310000, 28759.862661
BetrFS-0.2, 320000, 28714.493407
BetrFS-0.2, 330000, 25434.151329
BetrFS-0.2, 340000, 26187.827882
BetrFS-0.2, 350000, 26857.410554
BetrFS-0.2, 360000, 27027.509951
BetrFS-0.2, 370000, 24913.244675
BetrFS-0.2, 380000, 25536.280368
BetrFS-0.2, 390000, 26155.455824
BetrFS-0.2, 400000, 26362.939244
BetrFS-0.2, 410000, 24575.970108
BetrFS-0.2, 420000, 25155.781670
BetrFS-0.2, 430000, 25695.757451
BetrFS-0.2, 440000, 25853.331816
BetrFS-0.2, 450000, 24077.292604
BetrFS-0.2, 460000, 24558.021021
BetrFS-0.2, 470000, 25041.054009
BetrFS-0.2, 480000, 25157.940766
BetrFS-0.2, 490000, 23692.799357
BetrFS-0.2, 500000, 24154.787745
BetrFS-0.2, 510000, 24590.342967
BetrFS-0.2, 520000, 24757.877481
BetrFS-0.2, 530000, 23325.058365
BetrFS-0.2, 540000, 23701.851773
BetrFS-0.2, 550000, 24139.360478
BetrFS-0.2, 560000, 24268.022278
BetrFS-0.2, 570000, 22995.451217
BetrFS-0.2, 580000, 23335.755290
BetrFS-0.2, 590000, 23737.942131
BetrFS-0.2, 600000, 23812.678989
BetrFS-0.2, 610000, 22755.195319
BetrFS-0.2, 620000, 23054.224391
BetrFS-0.2, 630000, 23421.535366
BetrFS-0.2, 640000, 23559.430117
BetrFS-0.2, 650000, 22508.794186
BetrFS-0.2, 660000, 22803.687066
BetrFS-0.2, 670000, 23147.017348
BetrFS-0.2, 680000, 23288.333993
BetrFS-0.2, 690000, 21735.217548
BetrFS-0.2, 700000, 21942.867919
BetrFS-0.2, 710000, 22253.651762
BetrFS-0.2, 720000, 22273.443580
BetrFS-0.2, 730000, 21009.582384
BetrFS-0.2, 740000, 21245.869867
BetrFS-0.2, 750000, 21532.572523
BetrFS-0.2, 760000, 21556.934872
BetrFS-0.2, 770000, 20506.457297
BetrFS-0.2, 780000, 20720.314643
BetrFS-0.2, 790000, 20983.541626
BetrFS-0.2, 800000, 20918.464402
BetrFS-0.2, 810000, 19991.171800
BetrFS-0.2, 820000, 20163.169713
BetrFS-0.2, 830000, 20402.082772
BetrFS-0.2, 840000, 20390.793440
BetrFS-0.2, 850000, 19521.942985
BetrFS-0.2, 860000, 19684.790201
BetrFS-0.2, 870000, 19907.353010
BetrFS-0.2, 880000, 19764.076222
BetrFS-0.2, 890000, 19125.420727
BetrFS-0.2, 900000, 19265.091968
BetrFS-0.2, 910000, 19478.585243
BetrFS-0.2, 920000, 19441.344513
BetrFS-0.2, 930000, 18804.777635
BetrFS-0.2, 940000, 18903.371575
BetrFS-0.2, 950000, 19101.959767
BetrFS-0.2, 960000, 19217.758747
BetrFS-0.2, 970000, 18678.918291
BetrFS-0.2, 980000, 18818.005367
BetrFS-0.2, 990000, 19004.876632
BetrFS-0.2, 1000000, 19040.594338
BetrFS-0.2, 1010000, 18187.281897
BetrFS-0.2, 1020000, 18310.513019
BetrFS-0.2, 1030000, 18477.634178
BetrFS-0.2, 1040000, 18452.737598
BetrFS-0.2, 1050000, 17533.999887
BetrFS-0.2, 1060000, 17623.079797
BetrFS-0.2, 1070000, 17772.181331
BetrFS-0.2, 1080000, 17733.493377
BetrFS-0.2, 1090000, 17057.054659
BetrFS-0.2, 1100000, 17166.088791
BetrFS-0.2, 1110000, 17317.023069
BetrFS-0.2, 1120000, 17306.654116
BetrFS-0.2, 1130000, 16829.423826
BetrFS-0.2, 1140000, 16964.375838
BetrFS-0.2, 1150000, 17109.386931
BetrFS-0.2, 1160000, 17168.742871
BetrFS-0.2, 1170000, 16753.479522
BetrFS-0.2, 1180000, 16862.737673
BetrFS-0.2, 1190000, 16998.315224
BetrFS-0.2, 1200000, 17024.448214
BetrFS-0.2, 1210000, 16560.673339
BetrFS-0.2, 1220000, 16654.913804
BetrFS-0.2, 1230000, 16787.546785
BetrFS-0.2, 1240000, 16746.247807
BetrFS-0.2, 1250000, 16294.288087
BetrFS-0.2, 1260000, 16412.516034
BetrFS-0.2, 1270000, 16542.411878
BetrFS-0.2, 1280000, 16559.351289
BetrFS-0.2, 1290000, 16049.330017
BetrFS-0.2, 1300000, 16167.256587
BetrFS-0.2, 1310000, 16286.347709
BetrFS-0.2, 1320000, 16131.901466
BetrFS-0.2, 1330000, 15546.666681
BetrFS-0.2, 1340000, 15641.928156
BetrFS-0.2, 1350000, 15738.150930
BetrFS-0.2, 1360000, 15728.050898
BetrFS-0.2, 1370000, 15414.481744
BetrFS-0.2, 1380000, 15515.060722
BetrFS-0.2, 1390000, 15618.718452
BetrFS-0.2, 1400000, 15609.643665
BetrFS-0.2, 1410000, 15222.623747
BetrFS-0.2, 1420000, 15281.194479
BetrFS-0.2, 1430000, 15380.143147
BetrFS-0.2, 1440000, 15392.897454
BetrFS-0.2, 1450000, 15104.412271
BetrFS-0.2, 1460000, 15200.730435
BetrFS-0.2, 1470000, 15303.541371
BetrFS-0.2, 1480000, 15301.987515
BetrFS-0.2, 1490000, 14877.505955
BetrFS-0.2, 1500000, 14966.930418
BetrFS-0.2, 1510000, 15061.532995
BetrFS-0.2, 1520000, 14983.913537
BetrFS-0.2, 1530000, 14679.969892
BetrFS-0.2, 1540000, 14752.584595
BetrFS-0.2, 1550000, 14814.335659
BetrFS-0.2, 1560000, 14814.480680
BetrFS-0.2, 1570000, 14478.747610
BetrFS-0.2, 1580000, 14564.767058
BetrFS-0.2, 1590000, 14643.596414
BetrFS-0.2, 1600000, 14615.158888
BetrFS-0.2, 1610000, 14146.997390
BetrFS-0.2, 1620000, 14201.195632
BetrFS-0.2, 1630000, 14280.023177
BetrFS-0.2, 1640000, 14284.131335
BetrFS-0.2, 1650000, 14039.472871
BetrFS-0.2, 1660000, 14106.003917
BetrFS-0.2, 1670000, 14055.353416
BetrFS-0.2, 1680000, 13939.879738
BetrFS-0.2, 1690000, 13679.693680
BetrFS-0.2, 1700000, 13751.436429
BetrFS-0.2, 1710000, 13816.864443
BetrFS-0.2, 1720000, 13805.947740
BetrFS-0.2, 1730000, 13539.032612
BetrFS-0.2, 1740000, 13611.643888
BetrFS-0.2, 1750000, 13662.446951
BetrFS-0.2, 1760000, 13591.981324
BetrFS-0.2, 1770000, 13424.892211
BetrFS-0.2, 1780000, 13466.532776
BetrFS-0.2, 1790000, 13524.775651
BetrFS-0.2, 1800000, 13534.535533
BetrFS-0.2, 1810000, 13260.105609
BetrFS-0.2, 1820000, 13273.155956
BetrFS-0.2, 1830000, 13299.302139
BetrFS-0.2, 1840000, 13243.640395
BetrFS-0.2, 1850000, 13027.006858
BetrFS-0.2, 1860000, 13067.427483
BetrFS-0.2, 1870000, 13136.375834
BetrFS-0.2, 1880000, 13161.553866
BetrFS-0.2, 1890000, 12921.816196
BetrFS-0.2, 1900000, 12871.799995
BetrFS-0.2, 1910000, 12895.359833
BetrFS-0.2, 1920000, 12890.054648
BetrFS-0.2, 1930000, 12760.104060
BetrFS-0.2, 1940000, 12812.686853
BetrFS-0.2, 1950000, 12859.415554
BetrFS-0.2, 1960000, 12857.062772
BetrFS-0.2, 1970000, 12704.506439
BetrFS-0.2, 1980000, 12641.471393
BetrFS-0.2, 1990000, 12682.990942
BetrFS-0.2, 2000000, 12652.458167
BetrFS-0.2, 2010000, 7630.479056
BetrFS-0.2, 2020000, 7628.420801
BetrFS-0.2, 2030000, 7654.054214
BetrFS-0.2, 2040000, 7639.738199
BetrFS-0.2, 2050000, 5335.903521
BetrFS-0.2, 2060000, 5360.925870
BetrFS-0.2, 2070000, 5386.048808
BetrFS-0.2, 2080000, 5404.130365
BetrFS-0.2, 2090000, 5406.172113
BetrFS-0.2, 2100000, 5430.669116
BetrFS-0.2, 2110000, 5456.172678
BetrFS-0.2, 2120000, 5481.284963
BetrFS-0.2, 2130000, 5483.351473
BetrFS-0.2, 2140000, 5506.873210
BetrFS-0.2, 2150000, 5532.026930
BetrFS-0.2, 2160000, 5554.013360
BetrFS-0.2, 2170000, 5531.847919
BetrFS-0.2, 2180000, 5557.233971
BetrFS-0.2, 2190000, 5582.545677
BetrFS-0.2, 2200000, 5607.482415
BetrFS-0.2, 2210000, 5570.238118
BetrFS-0.2, 2220000, 5591.750709
BetrFS-0.2, 2230000, 5615.970201
BetrFS-0.2, 2240000, 5640.953904
BetrFS-0.2, 2250000, 5616.812106
BetrFS-0.2, 2260000, 5637.442090
BetrFS-0.2, 2270000, 5662.250918
BetrFS-0.2, 2280000, 5686.454453
BetrFS-0.2, 2290000, 5653.427495
BetrFS-0.2, 2300000, 5677.243036
BetrFS-0.2, 2310000, 5701.606554
BetrFS-0.2, 2320000, 5724.477752
BetrFS-0.2, 2330000, 5679.939680
BetrFS-0.2, 2340000, 5700.857501
BetrFS-0.2, 2350000, 5723.176601
BetrFS-0.2, 2360000, 5745.882293
BetrFS-0.2, 2370000, 5704.596634
BetrFS-0.2, 2380000, 5727.333432
BetrFS-0.2, 2390000, 5751.326374
BetrFS-0.2, 2400000, 5774.149831
BetrFS-0.2, 2410000, 5683.909286
BetrFS-0.2, 2420000, 5703.647005
BetrFS-0.2, 2430000, 5726.032045
BetrFS-0.2, 2440000, 5749.430705
BetrFS-0.2, 2450000, 5714.661116
BetrFS-0.2, 2460000, 5733.641115
BetrFS-0.2, 2470000, 5756.669250
BetrFS-0.2, 2480000, 5779.755926
BetrFS-0.2, 2490000, 5736.622404
BetrFS-0.2, 2500000, 5754.867262
BetrFS-0.2, 2510000, 5774.659772
BetrFS-0.2, 2520000, 5797.065803
BetrFS-0.2, 2530000, 5753.384559
BetrFS-0.2, 2540000, 5772.956918
BetrFS-0.2, 2550000, 5794.353500
BetrFS-0.2, 2560000, 5815.596667
BetrFS-0.2, 2570000, 5767.379369
BetrFS-0.2, 2580000, 5785.334997
BetrFS-0.2, 2590000, 5807.112260
BetrFS-0.2, 2600000, 5826.585518
BetrFS-0.2, 2610000, 5775.730700
BetrFS-0.2, 2620000, 5793.414302
BetrFS-0.2, 2630000, 5812.817717
BetrFS-0.2, 2640000, 5834.232122
BetrFS-0.2, 2650000, 5779.978476
BetrFS-0.2, 2660000, 5798.271036
BetrFS-0.2, 2670000, 5819.681142
BetrFS-0.2, 2680000, 5840.800530
BetrFS-0.2, 2690000, 5790.667628
BetrFS-0.2, 2700000, 5799.946754
BetrFS-0.2, 2710000, 5821.019148
BetrFS-0.2, 2720000, 5841.617952
BetrFS-0.2, 2730000, 5767.679334
BetrFS-0.2, 2740000, 5785.027992
BetrFS-0.2, 2750000, 5799.718368
BetrFS-0.2, 2760000, 5817.663413
BetrFS-0.2, 2770000, 5747.472718
BetrFS-0.2, 2780000, 5767.360965
BetrFS-0.2, 2790000, 5775.287811
BetrFS-0.2, 2800000, 5793.916870
BetrFS-0.2, 2810000, 5752.787368
BetrFS-0.2, 2820000, 5771.684160
BetrFS-0.2, 2830000, 5785.012820
BetrFS-0.2, 2840000, 5803.635912
BetrFS-0.2, 2850000, 5751.624186
BetrFS-0.2, 2860000, 5770.034229
BetrFS-0.2, 2870000, 5786.143476
BetrFS-0.2, 2880000, 5804.622934
BetrFS-0.2, 2890000, 5734.179161
BetrFS-0.2, 2900000, 5744.507222
BetrFS-0.2, 2910000, 5756.150795
BetrFS-0.2, 2920000, 5774.743893
BetrFS-0.2, 2930000, 5736.902986
BetrFS-0.2, 2940000, 5743.602311
BetrFS-0.2, 2950000, 5757.021796
BetrFS-0.2, 2960000, 5775.139260
